"Date","Source","Site ID","POC","Daily Mean PM2.5 Concentration","Units","Daily AQI Value","Local Site Name","Daily Obs Count","Percent Complete","AQS Parameter Code","AQS Parameter Description","Method Code","Method Description","CBSA Code","CBSA Name","State FIPS Code","State","County FIPS Code","County","Site Latitude","Site Longitude"
"01/01/2025","AQS","060371302","1","53.2","ug/m3 LC","145","Compton","1","100.0000","88101","PM2.5 - Local Conditions","145","R & P Model 2025 PM-2.5 Sequential Air Sampler w/VSCC","31080","Los Angeles-Long Beach-Anaheim, CA","06","California","037","Los Angeles","33.9013890008739","-118.205"
"01/02/2025","AQS","060371302","1","33.6","ug/m3 LC","97","Compton","1","100.0000","88101","PM2.5 - Local Conditions","145","R & P Model 2025 PM-2.5 Sequential Air Sampler w/VSCC","31080","Los Angeles-Long Beach-Anaheim, CA","06","California","037","Los Angeles","33.9013890008739","-118.205"
"01/03/2025","AQS","060371302","1","27.7","ug/m3 LC","86","Compton","1","100.0000","88101","PM2.5 - Local Conditions","145","R & P Model 2025 PM-2.5 Sequential Air Sampler w/VSCC","31080","Los Angeles-Long Beach-Anaheim, CA","06","California","037","Los Angeles","33.9013890008739","-118.205"
"01/04/2025","AQS","060371302","1","28.3","ug/m3 LC","87","Compton","1","100.0000","88101","PM2.5 - Local Conditions","145","R & P Model 2025 PM-2.5 Sequential Air Sampler w/VSCC","31080","Los Angeles-Long Beach-Anaheim, CA","06","California","037","Los Angeles","33.9013890008739","-118.205"
"01/05/2025","AQS","060371302","1","22.7","ug/m3 LC","76","Compton","1","100.0000","88101","PM2.5 - Local Conditions","145","R & P Model 2025 PM-2.5 Sequential Air Sampler w/VSCC","31080","Los Angeles-Long Beach-Anaheim, CA","06","California","037","Los Angeles","33.9013890008739","-118.205"
"01/06/2025","AQS","060371302","1","18.4","ug/m3 LC","68","Compton","1","100.0000","88101","PM2.5 - Local Conditions","145","R & P Model 2025 PM-2.5 Sequential Air Sampler w/VSCC","31080","Los Angeles-Long Beach-Anaheim, CA","06","California","037","Los Angeles","33.9013890008739","-118.205"
"01/07/2025","AQS","060371302","1","9.5","ug/m3 LC","52","Compton","1","100.0000","88101","PM2.5 - Local Conditions","145","R & P Model 2025 PM-2.5 Sequential Air Sampler w/VSCC","31080","Los Angeles-Long Beach-Anaheim, CA","06","California","037","Los Angeles","33.9013890008739","-118.205"
"01/08/2025","AQS","060371302","1","44.6","ug/m3 LC","123","Compton","1","100.0000","88101","PM2.5 - Local Conditions","145","R & P Model 2025 PM-2.5 Sequential Air Sampler w/VSCC","31080","Los Angeles-Long Beach-Anaheim, CA","06","California","037","Los Angeles","33.9013890008739","-118.205"
"01/09/2025","AQS","060371302","1","47.7","ug/m3 LC","131","Compton","1","100.0000","88101","PM2.5 - Local Conditions","145","R & P Model 2025 PM-2.5 Sequential Air Sampler w/VSCC","31080","Los Angeles-Long Beach-Anaheim, CA","06","California","037","Los Angeles","33.9013890008739","-118.205"
"01/10/2025","AQS","060371302","1","42.2","ug/m3 LC","117","Compton","1","100.0000","88101","PM2.5 - Local Conditions","145","R & P Model 2025 PM-2.5 Sequential Air Sampler w/VSCC","31080","Los Angeles-Long Beach-Anaheim, CA","06","California","037","Los Angeles","33.9013890008739","-118.205"
"01/11/2025","AQS","060371302","1","29","ug/m3 LC","88","Compton","1","100.0000","88101","PM2.5 - Local Conditions","145","R & P Model 2025 PM-2.5 Sequential Air Sampler w/VSCC","31080","Los Angeles-Long Beach-Anaheim, CA","06","California","037","Los Angeles","33.9013890008739","-118.205"
"01/12/2025","AQS","060371302","1","24","ug/m3 LC","79","Compton","1","100.0000","88101","PM2.5 - Local Conditions","145","R & P Model 2025 PM-2.5 Sequential Air Sampler w/VSCC","31080","Los Angeles-Long Beach-Anaheim, CA","06","California","037","Los Angeles","33.9013890008739","-118.205"
"01/13/2025","AQS","060371302","1","11.4","ug/m3 LC","55","Compton","1","100.0000","88101","PM2.5 - Local Conditions","145","R & P Model 2025 PM-2.5 Sequential Air Sampler w/VSCC","31080","Los Angeles-Long Beach-Anaheim, CA","06","California","037","Los Angeles","33.9013890008739","-118.205"
"01/14/2025","AQS","060371302","1","12.4","ug/m3 LC","57","Compton","1","100.0000","88101","PM2.5 - Local Conditions","145","R & P Model 2025 PM-2.5 Sequential Air Sampler w/VSCC","31080","Los Angeles-Long Beach-Anaheim, CA","06","California","037","Los Angeles","33.9013890008739","-118.205"
"01/15/2025","AQS","060371302","1","13","ug/m3 LC","58","Compton","1","100.0000","88101","PM2.5 - Local Conditions","145","R & P Model 2025 PM-2.5 Sequential Air Sampler w/VSCC","31080","Los Angeles-Long Beach-Anaheim, CA","06","California","037","Los Angeles","33.9013890008739","-118.205"
"01/16/2025","AQS","060371302","1","12.2","ug/m3 LC","57","Compton","1","100.0000","88101","PM2.5 - Local Conditions","145","R & P Model 2025 PM-2.5 Sequential Air Sampler w/VSCC","31080","Los Angeles-Long Beach-Anaheim, CA","06","California","037","Los Angeles","33.9013890008739","-118.205"
"01/17/2025","AQS","060371302","1","14","ug/m3 LC","60","Compton","1","100.0000","88101","PM2.5 - Local Conditions","145","R & P Model 2025 PM-2.5 Sequential Air Sampler w/VSCC","31080","Los Angeles-Long Beach-Anaheim, CA","06","California","037","Los Angeles","33.9013890008739","-118.205"
"01/18/2025","AQS","060371302","1","23.4","ug/m3 LC","78","Compton","1","100.0000","88101","PM2.5 - Local Conditions","145","R & P Model 2025 PM-2.5 Sequential Air Sampler w/VSCC","31080","Los Angeles-Long Beach-Anaheim, CA","06","California","037","Los Angeles","33.9013890008739","-118.205"
"01/19/2025","AQS","060371302","1","31.2","ug/m3 LC","92","Compton","1","100.0000","88101","PM2.5 - Local Conditions","145","R & P Model 2025 PM-2.5 Sequential Air Sampler w/VSCC","31080","Los Angeles-Long Beach-Anaheim, CA","06","California","037","Los Angeles","33.9013890008739","-118.205"
"01/20/2025","AQS","060371302","1","13.9","ug/m3 LC","60","Compton","1","100.0000","88101","PM2.5 - Local Conditions","145","R & P Model 2025 PM-2.5 Sequential Air Sampler w/VSCC","31080","Los Angeles-Long Beach-Anaheim, CA","06","California","037","Los Angeles","33.9013890008739","-118.205"
"01/21/2025","AQS","060371302","1","11.7","ug/m3 LC","56","Compton","1","100.0000","88101","PM2.5 - Local Conditions","145","R & P Model 2025 PM-2.5 Sequential Air Sampler w/VSCC","31080","Los Angeles-Long Beach-Anaheim, CA","06","California","037","Los Angeles","33.9013890008739","-118.205"
"01/22/2025","AQS","060371302","1","14","ug/m3 LC","60","Compton","1","100.0000","88101","PM2.5 - Local Conditions","145","R & P Model 2025 PM-2.5 Sequential Air Sampler w/VSCC","31080","Los Angeles-Long Beach-Anaheim, CA","06","California","037","Los Angeles","33.9013890008739","-118.205"
"01/23/2025","AQS","060371302","1","18.5","ug/m3 LC","69","Compton","1","100.0000","88101","PM2.5 - Local Conditions","145","R & P Model 2025 PM-2.5 Sequential Air Sampler w/VSCC","31080","Los Angeles-Long Beach-Anaheim, CA","06","California","037","Los Angeles","33.9013890008739","-118.205"
"01/24/2025","AQS","060371302","1","9.9","ug/m3 LC","52","Compton","1","100.0000","88101","PM2.5 - Local Conditions","145","R & P Model 2025 PM-2.5 Sequential Air Sampler w/VSCC","31080","Los Angeles-Long Beach-Anaheim, CA","06","California","037","Los Angeles","33.9013890008739","-118.205"
"01/25/2025","AQS","060371302","1","13","ug/m3 LC","58","Compton","1","100.0000","88101","PM2.5 - Local Conditions","145","R & P Model 2025 PM-2.5 Sequential Air Sampler w/VSCC","31080","Los Angeles-Long Beach-Anaheim, CA","06","California","037","Los Angeles","33.9013890008739","-118.205"
"01/26/2025","AQS","060371302","1","5.7","ug/m3 LC","32","Compton","1","100.0000","88101","PM2.5 - Local Conditions","145","R & P Model 2025 PM-2.5 Sequential Air Sampler w/VSCC","31080","Los Angeles-Long Beach-Anaheim, CA","06","California","037","Los Angeles","33.9013890008739","-118.205"
"01/27/2025","AQS","060371302","1","6.8","ug/m3 LC","38","Compton","1","100.0000","88101","PM2.5 - Local Conditions","145","R & P Model 2025 PM-2.5 Sequential Air Sampler w/VSCC","31080","Los Angeles-Long Beach-Anaheim, CA","06","California","037","Los Angeles","33.9013890008739","-118.205"
"01/28/2025","AQS","060371302","1","14.5","ug/m3 LC","61","Compton","1","100.0000","88101","PM2.5 - Local Conditions","145","R & P Model 2025 PM-2.5 Sequential Air Sampler w/VSCC","31080","Los Angeles-Long Beach-Anaheim, CA","06","California","037","Los Angeles","33.9013890008739","-118.205"
"01/29/2025","AQS","060371302","1","15.3","ug/m3 LC","63","Compton","1","100.0000","88101","PM2.5 - Local Conditions","145","R & P Model 2025 PM-2.5 Sequential Air Sampler w/VSCC","31080","Los Angeles-Long Beach-Anaheim, CA","06","California","037","Los Angeles","33.9013890008739","-118.205"
"01/30/2025","AQS","060371302","1","16.9","ug/m3 LC","66","Compton","1","100.0000","88101","PM2.5 - Local Conditions","145","R & P Model 2025 PM-2.5 Sequential Air Sampler w/VSCC","31080","Los Angeles-Long Beach-Anaheim, CA","06","California","037","Los Angeles","33.9013890008739","-118.205"
"01/31/2025","AQS","060371302","1","21","ug/m3 LC","73","Compton","1","100.0000","88101","PM2.5 - Local Conditions","145","R & P Model 2025 PM-2.5 Sequential Air Sampler w/VSCC","31080","Los Angeles-Long Beach-Anaheim, CA","06","California","037","Los Angeles","33.9013890008739","-118.205"
"02/01/2025","AQS","060371302","1","21.8","ug/m3 LC","75","Compton","1","100.0000","88101","PM2.5 - Local Conditions","145","R & P Model 2025 PM-2.5 Sequential Air Sampler w/VSCC","31080","Los Angeles-Long Beach-Anaheim, CA","06","California","037","Los Angeles","33.9013890008739","-118.205"
"02/02/2025","AQS","060371302","1","30.7","ug/m3 LC","91","Compton","1","100.0000","88101","PM2.5 - Local Conditions","145","R & P Model 2025 PM-2.5 Sequential Air Sampler w/VSCC","31080","Los Angeles-Long Beach-Anaheim, CA","06","California","037","Los Angeles","33.9013890008739","-118.205"
"02/03/2025","AQS","060371302","1","15.8","ug/m3 LC","63","Compton","1","100.0000","88101","PM2.5 - Local Conditions","145","R & P Model 2025 PM-2.5 Sequential Air Sampler w/VSCC","31080","Los Angeles-Long Beach-Anaheim, CA","06","California","037","Los Angeles","33.9013890008739","-118.205"
"02/04/2025","AQS","060371302","1","6.9","ug/m3 LC","38","Compton","1","100.0000","88101","PM2.5 - Local Conditions","145","R & P Model 2025 PM-2.5 Sequential Air Sampler w/VSCC","31080","Los Angeles-Long Beach-Anaheim, CA","06","California","037","Los Angeles","33.9013890008739","-118.205"
"02/05/2025","AQS","060371302","1","6.5","ug/m3 LC","36","Compton","1","100.0000","88101","PM2.5 - Local Conditions","145","R & P Model 2025 PM-2.5 Sequential Air Sampler w/VSCC","31080","Los Angeles-Long Beach-Anaheim, CA","06","California","037","Los Angeles","33.9013890008739","-118.205"
"02/06/2025","AQS","060371302","1","1.7","ug/m3 LC","9","Compton","1","100.0000","88101","PM2.5 - Local Conditions","145","R & P Model 2025 PM-2.5 Sequential Air Sampler w/VSCC","31080","Los Angeles-Long Beach-Anaheim, CA","06","California","037","Los Angeles","33.9013890008739","-118.205"
"02/07/2025","AQS","060371302","1","3.8","ug/m3 LC","21","Compton","1","100.0000","88101","PM2.5 - Local Conditions","145","R & P Model 2025 PM-2.5 Sequential Air Sampler w/VSCC","31080","Los Angeles-Long Beach-Anaheim, CA","06","California","037","Los Angeles","33.9013890008739","-118.205"
"02/08/2025","AQS","060371302","1","12.5","ug/m3 LC","57","Compton","1","100.0000","88101","PM2.5 - Local Conditions","145","R & P Model 2025 PM-2.5 Sequential Air Sampler w/VSCC","31080","Los Angeles-Long Beach-Anaheim, CA","06","California","037","Los Angeles","33.9013890008739","-118.205"
"02/09/2025","AQS","060371302","1","16.9","ug/m3 LC","66","Compton","1","100.0000","88101","PM2.5 - Local Conditions","145","R & P Model 2025 PM-2.5 Sequential Air Sampler w/VSCC","31080","Los Angeles-Long Beach-Anaheim, CA","06","California","037","Los Angeles","33.9013890008739","-118.205"
"02/10/2025","AQS","060371302","1","11.3","ug/m3 LC","55","Compton","1","100.0000","88101","PM2.5 - Local Conditions","145","R & P Model 2025 PM-2.5 Sequential Air Sampler w/VSCC","31080","Los Angeles-Long Beach-Anaheim, CA","06","California","037","Los Angeles","33.9013890008739","-118.205"
"02/11/2025","AQS","060371302","1","7.7","ug/m3 LC","43","Compton","1","100.0000","88101","PM2.5 - Local Conditions","145","R & P Model 2025 PM-2.5 Sequential Air Sampler w/VSCC","31080","Los Angeles-Long Beach-Anaheim, CA","06","California","037","Los Angeles","33.9013890008739","-118.205"
"02/12/2025","AQS","060371302","1","4.2","ug/m3 LC","23","Compton","1","100.0000","88101","PM2.5 - Local Conditions","145","R & P Model 2025 PM-2.5 Sequential Air Sampler w/VSCC","31080","Los Angeles-Long Beach-Anaheim, CA","06","California","037","Los Angeles","33.9013890008739","-118.205"
"02/13/2025","AQS","060371302","1","3.2","ug/m3 LC","18","Compton","1","100.0000","88101","PM2.5 - Local Conditions","145","R & P Model 2025 PM-2.5 Sequential Air Sampler w/VSCC","31080","Los Angeles-Long Beach-Anaheim, CA","06","California","037","Los Angeles","33.9013890008739","-118.205"
"02/14/2025","AQS","060371302","1","7.6","ug/m3 LC","42","Compton","1","100.0000","88101","PM2.5 - Local Conditions","145","R & P Model 2025 PM-2.5 Sequential Air Sampler w/VSCC","31080","Los Angeles-Long Beach-Anaheim, CA","06","California","037","Los Angeles","33.9013890008739","-118.205"
"02/15/2025","AQS","060371302","1","12.7","ug/m3 LC","58","Compton","1","100.0000","88101","PM2.5 - Local Conditions","145","R & P Model 2025 PM-2.5 Sequential Air Sampler w/VSCC","31080","Los Angeles-Long Beach-Anaheim, CA","06","California","037","Los Angeles","33.9013890008739","-118.205"
"02/16/2025","AQS","060371302","1","17.2","ug/m3 LC","66","Compton","1","100.0000","88101","PM2.5 - Local Conditions","145","R & P Model 2025 PM-2.5 Sequential Air Sampler w/VSCC","31080","Los Angeles-Long Beach-Anaheim, CA","06","California","037","Los Angeles","33.9013890008739","-118.205"
"02/17/2025","AQS","060371302","1","16.1","ug/m3 LC","64","Compton","1","100.0000","88101","PM2.5 - Local Conditions","145","R & P Model 2025 PM-2.5 Sequential Air Sampler w/VSCC","31080","Los Angeles-Long Beach-Anaheim, CA","06","California","037","Los Angeles","33.9013890008739","-118.205"
"02/18/2025","AQS","060371302","1","11.2","ug/m3 LC","55","Compton","1","100.0000","88101","PM2.5 - Local Conditions","145","R & P Model 2025 PM-2.5 Sequential Air Sampler w/VSCC","31080","Los Angeles-Long Beach-Anaheim, CA","06","California","037","Los Angeles","33.9013890008739","-118.205"
"02/19/2025","AQS","060371302","1","23","ug/m3 LC","77","Compton","1","100.0000","88101","PM2.5 - Local Conditions","145","R & P Model 2025 PM-2.5 Sequential Air Sampler w/VSCC","31080","Los Angeles-Long Beach-Anaheim, CA","06","California","037","Los Angeles","33.9013890008739","-118.205"
"02/20/2025","AQS","060371302","1","17","ug/m3 LC","66","Compton","1","100.0000","88101","PM2.5 - Local Conditions","145","R & P Model 2025 PM-2.5 Sequential Air Sampler w/VSCC","31080","Los Angeles-Long Beach-Anaheim, CA","06","California","037","Los Angeles","33.9013890008739","-118.205"
"02/21/2025","AQS","060371302","1","15.9","ug/m3 LC","64","Compton","1","100.0000","88101","PM2.5 - Local Conditions","145","R & P Model 2025 PM-2.5 Sequential Air Sampler w/VSCC","31080","Los Angeles-Long Beach-Anaheim, CA","06","California","037","Los Angeles","33.9013890008739","-118.205"
"02/22/2025","AQS","060371302","1","19.2","ug/m3 LC","70","Compton","1","100.0000","88101","PM2.5 - Local Conditions","145","R & P Model 2025 PM-2.5 Sequential Air Sampler w/VSCC","31080","Los Angeles-Long Beach-Anaheim, CA","06","California","037","Los Angeles","33.9013890008739","-118.205"
"02/23/2025","AQS","060371302","1","24","ug/m3 LC","79","Compton","1","100.0000","88101","PM2.5 - Local Conditions","145","R & P Model 2025 PM-2.5 Sequential Air Sampler w/VSCC","31080","Los Angeles-Long Beach-Anaheim, CA","06","California","037","Los Angeles","33.9013890008739","-118.205"
"02/24/2025","AQS","060371302","1","19.7","ug/m3 LC","71","Compton","1","100.0000","88101","PM2.5 - Local Conditions","145","R & P Model 2025 PM-2.5 Sequential Air Sampler w/VSCC","31080","Los Angeles-Long Beach-Anaheim, CA","06","California","037","Los Angeles","33.9013890008739","-118.205"
"02/25/2025","AQS","060371302","1","9.7","ug/m3 LC","52","Compton","1","100.0000","88101","PM2.5 - Local Conditions","145","R & P Model 2025 PM-2.5 Sequential Air Sampler w/VSCC","31080","Los Angeles-Long Beach-Anaheim, CA","06","California","037","Los Angeles","33.9013890008739","-118.205"
"02/26/2025","AQS","060371302","1","19.1","ug/m3 LC","70","Compton","1","100.0000","88101","PM2.5 - Local Conditions","145","R & P Model 2025 PM-2.5 Sequential Air Sampler w/VSCC","31080","Los Angeles-Long Beach-Anaheim, CA","06","California","037","Los Angeles","33.9013890008739","-118.205"
"02/27/2025","AQS","060371302","1","11.3","ug/m3 LC","55","Compton","1","100.0000","88101","PM2.5 - Local Conditions","145","R & P Model 2025 PM-2.5 Sequential Air Sampler w/VSCC","31080","Los Angeles-Long Beach-Anaheim, CA","06","California","037","Los Angeles","33.9013890008739","-118.205"
"02/28/2025","AQS","060371302","1","9.4","ug/m3 LC","52","Compton","1","100.0000","88101","PM2.5 - Local Conditions","145","R & P Model 2025 PM-2.5 Sequential Air Sampler w/VSCC","31080","Los Angeles-Long Beach-Anaheim, CA","06","California","037","Los Angeles","33.9013890008739","-118.205"
"03/01/2025","AQS","060371302","1","8","ug/m3 LC","44","Compton","1","100.0000","88101","PM2.5 - Local Conditions","145","R & P Model 2025 PM-2.5 Sequential Air Sampler w/VSCC","31080","Los Angeles-Long Beach-Anaheim, CA","06","California","037","Los Angeles","33.9013890008739","-118.205"
"03/02/2025","AQS","060371302","1","5.8","ug/m3 LC","32","Compton","1","100.0000","88101","PM2.5 - Local Conditions","145","R & P Model 2025 PM-2.5 Sequential Air Sampler w/VSCC","31080","Los Angeles-Long Beach-Anaheim, CA","06","California","037","Los Angeles","33.9013890008739","-118.205"
"03/03/2025","AQS","060371302","1","5.7","ug/m3 LC","32","Compton","1","100.0000","88101","PM2.5 - Local Conditions","145","R & P Model 2025 PM-2.5 Sequential Air Sampler w/VSCC","31080","Los Angeles-Long Beach-Anaheim, CA","06","California","037","Los Angeles","33.9013890008739","-118.205"
"03/04/2025","AQS","060371302","1","8.5","ug/m3 LC","47","Compton","1","100.0000","88101","PM2.5 - Local Conditions","145","R & P Model 2025 PM-2.5 Sequential Air Sampler w/VSCC","31080","Los Angeles-Long Beach-Anaheim, CA","06","California","037","Los Angeles","33.9013890008739","-118.205"
"03/05/2025","AQS","060371302","1","9.7","ug/m3 LC","52","Compton","1","100.0000","88101","PM2.5 - Local Conditions","145","R & P Model 2025 PM-2.5 Sequential Air Sampler w/VSCC","31080","Los Angeles-Long Beach-Anaheim, CA","06","California","037","Los Angeles","33.9013890008739","-118.205"
"03/06/2025","AQS","060371302","1","3.5","ug/m3 LC","19","Compton","1","100.0000","88101","PM2.5 - Local Conditions","145","R & P Model 2025 PM-2.5 Sequential Air Sampler w/VSCC","31080","Los Angeles-Long Beach-Anaheim, CA","06","California","037","Los Angeles","33.9013890008739","-118.205"
"03/07/2025","AQS","060371302","1","7.4","ug/m3 LC","41","Compton","1","100.0000","88101","PM2.5 - Local Conditions","145","R & P Model 2025 PM-2.5 Sequential Air Sampler w/VSCC","31080","Los Angeles-Long Beach-Anaheim, CA","06","California","037","Los Angeles","33.9013890008739","-118.205"
"03/08/2025","AQS","060371302","1","11.5","ug/m3 LC","55","Compton","1","100.0000","88101","PM2.5 - Local Conditions","145","R & P Model 2025 PM-2.5 Sequential Air Sampler w/VSCC","31080","Los Angeles-Long Beach-Anaheim, CA","06","California","037","Los Angeles","33.9013890008739","-118.205"
"03/09/2025","AQS","060371302","1","14.9","ug/m3 LC","62","Compton","1","100.0000","88101","PM2.5 - Local Conditions","145","R & P Model 2025 PM-2.5 Sequential Air Sampler w/VSCC","31080","Los Angeles-Long Beach-Anaheim, CA","06","California","037","Los Angeles","33.9013890008739","-118.205"
"03/10/2025","AQS","060371302","1","11","ug/m3 LC","55","Compton","1","100.0000","88101","PM2.5 - Local Conditions","145","R & P Model 2025 PM-2.5 Sequential Air Sampler w/VSCC","31080","Los Angeles-Long Beach-Anaheim, CA","06","California","037","Los Angeles","33.9013890008739","-118.205"
"03/11/2025","AQS","060371302","1","4.2","ug/m3 LC","23","Compton","1","100.0000","88101","PM2.5 - Local Conditions","145","R & P Model 2025 PM-2.5 Sequential Air Sampler w/VSCC","31080","Los Angeles-Long Beach-Anaheim, CA","06","California","037","Los Angeles","33.9013890008739","-118.205"
"03/12/2025","AQS","060371302","1","2.9","ug/m3 LC","16","Compton","1","100.0000","88101","PM2.5 - Local Conditions","145","R & P Model 2025 PM-2.5 Sequential Air Sampler w/VSCC","31080","Los Angeles-Long Beach-Anaheim, CA","06","California","037","Los Angeles","33.9013890008739","-118.205"
"03/14/2025","AQS","060371302","1","6.7","ug/m3 LC","37","Compton","1","100.0000","88101","PM2.5 - Local Conditions","145","R & P Model 2025 PM-2.5 Sequential Air Sampler w/VSCC","31080","Los Angeles-Long Beach-Anaheim, CA","06","California","037","Los Angeles","33.9013890008739","-118.205"
"03/15/2025","AQS","060371302","1","11.1","ug/m3 LC","55","Compton","1","100.0000","88101","PM2.5 - Local Conditions","145","R & P Model 2025 PM-2.5 Sequential Air Sampler w/VSCC","31080","Los Angeles-Long Beach-Anaheim, CA","06","California","037","Los Angeles","33.9013890008739","-118.205"
"03/16/2025","AQS","060371302","1","14.2","ug/m3 LC","61","Compton","1","100.0000","88101","PM2.5 - Local Conditions","145","R & P Model 2025 PM-2.5 Sequential Air Sampler w/VSCC","31080","Los Angeles-Long Beach-Anaheim, CA","06","California","037","Los Angeles","33.9013890008739","-118.205"
"03/17/2025","AQS","060371302","1","10.7","ug/m3 LC","54","Compton","1","100.0000","88101","PM2.5 - Local Conditions","145","R & P Model 2025 PM-2.5 Sequential Air Sampler w/VSCC","31080","Los Angeles-Long Beach-Anaheim, CA","06","California","037","Los Angeles","33.9013890008739","-118.205"
"03/18/2025","AQS","060371302","1","6.1","ug/m3 LC","34","Compton","1","100.0000","88101","PM2.5 - Local Conditions","145","R & P Model 2025 PM-2.5 Sequential Air Sampler w/VSCC","31080","Los Angeles-Long Beach-Anaheim, CA","06","California","037","Los Angeles","33.9013890008739","-118.205"
"03/19/2025","AQS","060371302","1","7.1","ug/m3 LC","39","Compton","1","100.0000","88101","PM2.5 - Local Conditions","145","R & P Model 2025 PM-2.5 Sequential Air Sampler w/VSCC","31080","Los Angeles-Long Beach-Anaheim, CA","06","California","037","Los Angeles","33.9013890008739","-118.205"
"03/20/2025","AQS","060371302","1","10.5","ug/m3 LC","54","Compton","1","100.0000","88101","PM2.5 - Local Conditions","145","R & P Model 2025 PM-2.5 Sequential Air Sampler w/VSCC","31080","Los Angeles-Long Beach-Anaheim, CA","06","California","037","Los Angeles","33.9013890008739","-118.205"
"03/21/2025","AQS","060371302","1","10.8","ug/m3 LC","54","Compton","1","100.0000","88101","PM2.5 - Local Conditions","145","R & P Model 2025 PM-2.5 Sequential Air Sampler w/VSCC","31080","Los Angeles-Long Beach-Anaheim, CA","06","California","037","Los Angeles","33.9013890008739","-118.205"
"03/22/2025","AQS","060371302","1","12","ug/m3 LC","56","Compton","1","100.0000","88101","PM2.5 - Local Conditions","145","R & P Model 2025 PM-2.5 Sequential Air Sampler w/VSCC","31080","Los Angeles-Long Beach-Anaheim, CA","06","California","037","Los Angeles","33.9013890008739","-118.205"
"03/23/2025","AQS","060371302","1","14.5","ug/m3 LC","61","Compton","1","100.0000","88101","PM2.5 - Local Conditions","145","R & P Model 2025 PM-2.5 Sequential Air Sampler w/VSCC","31080","Los Angeles-Long Beach-Anaheim, CA","06","California","037","Los Angeles","33.9013890008739","-118.205"
"03/24/2025","AQS","060371302","1","14.3","ug/m3 LC","61","Compton","1","100.0000","88101","PM2.5 - Local Conditions","145","R & P Model 2025 PM-2.5 Sequential Air Sampler w/VSCC","31080","Los Angeles-Long Beach-Anaheim, CA","06","California","037","Los Angeles","33.9013890008739","-118.205"
"03/25/2025","AQS","060371302","1","15.2","ug/m3 LC","62","Compton","1","100.0000","88101","PM2.5 - Local Conditions","145","R & P Model 2025 PM-2.5 Sequential Air Sampler w/VSCC","31080","Los Angeles-Long Beach-Anaheim, CA","06","California","037","Los Angeles","33.9013890008739","-118.205"
"03/26/2025","AQS","060371302","1","7","ug/m3 LC","39","Compton","1","100.0000","88101","PM2.5 - Local Conditions","145","R & P Model 2025 PM-2.5 Sequential Air Sampler w/VSCC","31080","Los Angeles-Long Beach-Anaheim, CA","06","California","037","Los Angeles","33.9013890008739","-118.205"
"03/27/2025","AQS","060371302","1","3.2","ug/m3 LC","18","Compton","1","100.0000","88101","PM2.5 - Local Conditions","145","R & P Model 2025 PM-2.5 Sequential Air Sampler w/VSCC","31080","Los Angeles-Long Beach-Anaheim, CA","06","California","037","Los Angeles","33.9013890008739","-118.205"
"03/28/2025","AQS","060371302","1","7.5","ug/m3 LC","42","Compton","1","100.0000","88101","PM2.5 - Local Conditions","145","R & P Model 2025 PM-2.5 Sequential Air Sampler w/VSCC","31080","Los Angeles-Long Beach-Anaheim, CA","06","California","037","Los Angeles","33.9013890008739","-118.205"
"03/29/2025","AQS","060371302","1","7.9","ug/m3 LC","44","Compton","1","100.0000","88101","PM2.5 - Local Conditions","145","R & P Model 2025 PM-2.5 Sequential Air Sampler w/VSCC","31080","Los Angeles-Long Beach-Anaheim, CA","06","California","037","Los Angeles","33.9013890008739","-118.205"
"03/30/2025","AQS","060371302","1","5.8","ug/m3 LC","32","Compton","1","100.0000","88101","PM2.5 - Local Conditions","145","R & P Model 2025 PM-2.5 Sequential Air Sampler w/VSCC","31080","Los Angeles-Long Beach-Anaheim, CA","06","California","037","Los Angeles","33.9013890008739","-118.205"
"03/31/2025","AQS","060371302","1","3.3","ug/m3 LC","18","Compton","1","100.0000","88101","PM2.5 - Local Conditions","145","R & P Model 2025 PM-2.5 Sequential Air Sampler w/VSCC","31080","Los Angeles-Long Beach-Anaheim, CA","06","California","037","Los Angeles","33.9013890008739","-118.205"
"04/01/2025","AQS","060371302","1","6","ug/m3 LC","33","Compton","1","100.0000","88101","PM2.5 - Local Conditions","145","R & P Model 2025 PM-2.5 Sequential Air Sampler w/VSCC","31080","Los Angeles-Long Beach-Anaheim, CA","06","California","037","Los Angeles","33.9013890008739","-118.205"
"04/02/2025","AQS","060371302","1","5.7","ug/m3 LC","32","Compton","1","100.0000","88101","PM2.5 - Local Conditions","145","R & P Model 2025 PM-2.5 Sequential Air Sampler w/VSCC","31080","Los Angeles-Long Beach-Anaheim, CA","06","California","037","Los Angeles","33.9013890008739","-118.205"
"05/31/2025","AQS","060371302","1","15.5","ug/m3 LC","63","Compton","1","100.0000","88101","PM2.5 - Local Conditions","145","R & P Model 2025 PM-2.5 Sequential Air Sampler w/VSCC","31080","Los Angeles-Long Beach-Anaheim, CA","06","California","037","Los Angeles","33.9013890008739","-118.205"
"06/01/2025","AQS","060371302","1","9.6","ug/m3 LC","52","Compton","1","100.0000","88101","PM2.5 - Local Conditions","145","R & P Model 2025 PM-2.5 Sequential Air Sampler w/VSCC","31080","Los Angeles-Long Beach-Anaheim, CA","06","California","037","Los Angeles","33.9013890008739","-118.205"
"06/02/2025","AQS","060371302","1","6.8","ug/m3 LC","38","Compton","1","100.0000","88101","PM2.5 - Local Conditions","145","R & P Model 2025 PM-2.5 Sequential Air Sampler w/VSCC","31080","Los Angeles-Long Beach-Anaheim, CA","06","California","037","Los Angeles","33.9013890008739","-118.205"
"06/03/2025","AQS","060371302","1","6.9","ug/m3 LC","38","Compton","1","100.0000","88101","PM2.5 - Local Conditions","145","R & P Model 2025 PM-2.5 Sequential Air Sampler w/VSCC","31080","Los Angeles-Long Beach-Anaheim, CA","06","California","037","Los Angeles","33.9013890008739","-118.205"
"06/04/2025","AQS","060371302","1","7.4","ug/m3 LC","41","Compton","1","100.0000","88101","PM2.5 - Local Conditions","145","R & P Model 2025 PM-2.5 Sequential Air Sampler w/VSCC","31080","Los Angeles-Long Beach-Anaheim, CA","06","California","037","Los Angeles","33.9013890008739","-118.205"
"06/05/2025","AQS","060371302","1","4.8","ug/m3 LC","27","Compton","1","100.0000","88101","PM2.5 - Local Conditions","145","R & P Model 2025 PM-2.5 Sequential Air Sampler w/VSCC","31080","Los Angeles-Long Beach-Anaheim, CA","06","California","037","Los Angeles","33.9013890008739","-118.205"
"06/06/2025","AQS","060371302","1","8","ug/m3 LC","44","Compton","1","100.0000","88101","PM2.5 - Local Conditions","145","R & P Model 2025 PM-2.5 Sequential Air Sampler w/VSCC","31080","Los Angeles-Long Beach-Anaheim, CA","06","California","037","Los Angeles","33.9013890008739","-118.205"
"06/07/2025","AQS","060371302","1","8.6","ug/m3 LC","48","Compton","1","100.0000","88101","PM2.5 - Local Conditions","145","R & P Model 2025 PM-2.5 Sequential Air Sampler w/VSCC","31080","Los Angeles-Long Beach-Anaheim, CA","06","California","037","Los Angeles","33.9013890008739","-118.205"
"06/08/2025","AQS","060371302","1","9","ug/m3 LC","50","Compton","1","100.0000","88101","PM2.5 - Local Conditions","145","R & P Model 2025 PM-2.5 Sequential Air Sampler w/VSCC","31080","Los Angeles-Long Beach-Anaheim, CA","06","California","037","Los Angeles","33.9013890008739","-118.205"
"06/09/2025","AQS","060371302","1","11.2","ug/m3 LC","55","Compton","1","100.0000","88101","PM2.5 - Local Conditions","145","R & P Model 2025 PM-2.5 Sequential Air Sampler w/VSCC","31080","Los Angeles-Long Beach-Anaheim, CA","06","California","037","Los Angeles","33.9013890008739","-118.205"
"06/10/2025","AQS","060371302","1","10.5","ug/m3 LC","54","Compton","1","100.0000","88101","PM2.5 - Local Conditions","145","R & P Model 2025 PM-2.5 Sequential Air Sampler w/VSCC","31080","Los Angeles-Long Beach-Anaheim, CA","06","California","037","Los Angeles","33.9013890008739","-118.205"
"06/11/2025","AQS","060371302","1","12","ug/m3 LC","56","Compton","1","100.0000","88101","PM2.5 - Local Conditions","145","R & P Model 2025 PM-2.5 Sequential Air Sampler w/VSCC","31080","Los Angeles-Long Beach-Anaheim, CA","06","California","037","Los Angeles","33.9013890008739","-118.205"
"06/14/2025","AQS","060371302","1","11.9","ug/m3 LC","56","Compton","1","100.0000","88101","PM2.5 - Local Conditions","145","R & P Model 2025 PM-2.5 Sequential Air Sampler w/VSCC","31080","Los Angeles-Long Beach-Anaheim, CA","06","California","037","Los Angeles","33.9013890008739","-118.205"
"06/15/2025","AQS","060371302","1","14.9","ug/m3 LC","62","Compton","1","100.0000","88101","PM2.5 - Local Conditions","145","R & P Model 2025 PM-2.5 Sequential Air Sampler w/VSCC","31080","Los Angeles-Long Beach-Anaheim, CA","06","California","037","Los Angeles","33.9013890008739","-118.205"
"06/16/2025","AQS","060371302","1","17","ug/m3 LC","66","Compton","1","100.0000","88101","PM2.5 - Local Conditions","145","R & P Model 2025 PM-2.5 Sequential Air Sampler w/VSCC","31080","Los Angeles-Long Beach-Anaheim, CA","06","California","037","Los Angeles","33.9013890008739","-118.205"
"06/17/2025","AQS","060371302","1","15.4","ug/m3 LC","63","Compton","1","100.0000","88101","PM2.5 - Local Conditions","145","R & P Model 2025 PM-2.5 Sequential Air Sampler w/VSCC","31080","Los Angeles-Long Beach-Anaheim, CA","06","California","037","Los Angeles","33.9013890008739","-118.205"
"06/18/2025","AQS","060371302","1","15","ug/m3 LC","62","Compton","1","100.0000","88101","PM2.5 - Local Conditions","145","R & P Model 2025 PM-2.5 Sequential Air Sampler w/VSCC","31080","Los Angeles-Long Beach-Anaheim, CA","06","California","037","Los Angeles","33.9013890008739","-118.205"
"06/19/2025","AQS","060371302","1","12.9","ug/m3 LC","58","Compton","1","100.0000","88101","PM2.5 - Local Conditions","145","R & P Model 2025 PM-2.5 Sequential Air Sampler w/VSCC","31080","Los Angeles-Long Beach-Anaheim, CA","06","California","037","Los Angeles","33.9013890008739","-118.205"
"06/20/2025","AQS","060371302","1","12.3","ug/m3 LC","57","Compton","1","100.0000","88101","PM2.5 - Local Conditions","145","R & P Model 2025 PM-2.5 Sequential Air Sampler w/VSCC","31080","Los Angeles-Long Beach-Anaheim, CA","06","California","037","Los Angeles","33.9013890008739","-118.205"
"06/21/2025","AQS","060371302","1","11.7","ug/m3 LC","56","Compton","1","100.0000","88101","PM2.5 - Local Conditions","145","R & P Model 2025 PM-2.5 Sequential Air Sampler w/VSCC","31080","Los Angeles-Long Beach-Anaheim, CA","06","California","037","Los Angeles","33.9013890008739","-118.205"
"06/22/2025","AQS","060371302","1","12.2","ug/m3 LC","57","Compton","1","100.0000","88101","PM2.5 - Local Conditions","145","R & P Model 2025 PM-2.5 Sequential Air Sampler w/VSCC","31080","Los Angeles-Long Beach-Anaheim, CA","06","California","037","Los Angeles","33.9013890008739","-118.205"
"06/23/2025","AQS","060371302","1","11.9","ug/m3 LC","56","Compton","1","100.0000","88101","PM2.5 - Local Conditions","145","R & P Model 2025 PM-2.5 Sequential Air Sampler w/VSCC","31080","Los Angeles-Long Beach-Anaheim, CA","06","California","037","Los Angeles","33.9013890008739","-118.205"
"06/24/2025","AQS","060371302","1","11.2","ug/m3 LC","55","Compton","1","100.0000","88101","PM2.5 - Local Conditions","145","R & P Model 2025 PM-2.5 Sequential Air Sampler w/VSCC","31080","Los Angeles-Long Beach-Anaheim, CA","06","California","037","Los Angeles","33.9013890008739","-118.205"
"06/25/2025","AQS","060371302","1","10.3","ug/m3 LC","53","Compton","1","100.0000","88101","PM2.5 - Local Conditions","145","R & P Model 2025 PM-2.5 Sequential Air Sampler w/VSCC","31080","Los Angeles-Long Beach-Anaheim, CA","06","California","037","Los Angeles","33.9013890008739","-118.205"
"06/26/2025","AQS","060371302","1","11.7","ug/m3 LC","56","Compton","1","100.0000","88101","PM2.5 - Local Conditions","145","R & P Model 2025 PM-2.5 Sequential Air Sampler w/VSCC","31080","Los Angeles-Long Beach-Anaheim, CA","06","California","037","Los Angeles","33.9013890008739","-118.205"
"06/27/2025","AQS","060371302","1","10.5","ug/m3 LC","54","Compton","1","100.0000","88101","PM2.5 - Local Conditions","145","R & P Model 2025 PM-2.5 Sequential Air Sampler w/VSCC","31080","Los Angeles-Long Beach-Anaheim, CA","06","California","037","Los Angeles","33.9013890008739","-118.205"
"06/28/2025","AQS","060371302","1","12.2","ug/m3 LC","57","Compton","1","100.0000","88101","PM2.5 - Local Conditions","145","R & P Model 2025 PM-2.5 Sequential Air Sampler w/VSCC","31080","Los Angeles-Long Beach-Anaheim, CA","06","California","037","Los Angeles","33.9013890008739","-118.205"
"06/29/2025","AQS","060371302","1","8.6","ug/m3 LC","48","Compton","1","100.0000","88101","PM2.5 - Local Conditions","145","R & P Model 2025 PM-2.5 Sequential Air Sampler w/VSCC","31080","Los Angeles-Long Beach-Anaheim, CA","06","California","037","Los Angeles","33.9013890008739","-118.205"
"06/30/2025","AQS","060371302","1","7.4","ug/m3 LC","41","Compton","1","100.0000","88101","PM2.5 - Local Conditions","145","R & P Model 2025 PM-2.5 Sequential Air Sampler w/VSCC","31080","Los Angeles-Long Beach-Anaheim, CA","06","California","037","Los Angeles","33.9013890008739","-118.205"
"07/01/2025","AQS","060371302","1","7.9","ug/m3 LC","44","Compton","1","100.0000","88101","PM2.5 - Local Conditions","145","R & P Model 2025 PM-2.5 Sequential Air Sampler w/VSCC","31080","Los Angeles-Long Beach-Anaheim, CA","06","California","037","Los Angeles","33.9013890008739","-118.205"
"07/02/2025","AQS","060371302","1","8.1","ug/m3 LC","45","Compton","1","100.0000","88101","PM2.5 - Local Conditions","145","R & P Model 2025 PM-2.5 Sequential Air Sampler w/VSCC","31080","Los Angeles-Long Beach-Anaheim, CA","06","California","037","Los Angeles","33.9013890008739","-118.205"
"07/03/2025","AQS","060371302","1","6","ug/m3 LC","33","Compton","1","100.0000","88101","PM2.5 - Local Conditions","145","R & P Model 2025 PM-2.5 Sequential Air Sampler w/VSCC","31080","Los Angeles-Long Beach-Anaheim, CA","06","California","037","Los Angeles","33.9013890008739","-118.205"
"07/04/2025","AQS","060371302","1","50.7","ug/m3 LC","138","Compton","1","100.0000","88101","PM2.5 - Local Conditions","145","R & P Model 2025 PM-2.5 Sequential Air Sampler w/VSCC","31080","Los Angeles-Long Beach-Anaheim, CA","06","California","037","Los Angeles","33.9013890008739","-118.205"
"07/05/2025","AQS","060371302","1","33.2","ug/m3 LC","96","Compton","1","100.0000","88101","PM2.5 - Local Conditions","145","R & P Model 2025 PM-2.5 Sequential Air Sampler w/VSCC","31080","Los Angeles-Long Beach-Anaheim, CA","06","California","037","Los Angeles","33.9013890008739","-118.205"
"07/06/2025","AQS","060371302","1","12.7","ug/m3 LC","58","Compton","1","100.0000","88101","PM2.5 - Local Conditions","145","R & P Model 2025 PM-2.5 Sequential Air Sampler w/VSCC","31080","Los Angeles-Long Beach-Anaheim, CA","06","California","037","Los Angeles","33.9013890008739","-118.205"
"07/07/2025","AQS","060371302","1","11.5","ug/m3 LC","55","Compton","1","100.0000","88101","PM2.5 - Local Conditions","145","R & P Model 2025 PM-2.5 Sequential Air Sampler w/VSCC","31080","Los Angeles-Long Beach-Anaheim, CA","06","California","037","Los Angeles","33.9013890008739","-118.205"
"07/08/2025","AQS","060371302","1","7.1","ug/m3 LC","39","Compton","1","100.0000","88101","PM2.5 - Local Conditions","145","R & P Model 2025 PM-2.5 Sequential Air Sampler w/VSCC","31080","Los Angeles-Long Beach-Anaheim, CA","06","California","037","Los Angeles","33.9013890008739","-118.205"
"07/09/2025","AQS","060371302","1","8.3","ug/m3 LC","46","Compton","1","100.0000","88101","PM2.5 - Local Conditions","145","R & P Model 2025 PM-2.5 Sequential Air Sampler w/VSCC","31080","Los Angeles-Long Beach-Anaheim, CA","06","California","037","Los Angeles","33.9013890008739","-118.205"
"07/10/2025","AQS","060371302","1","11.9","ug/m3 LC","56","Compton","1","100.0000","88101","PM2.5 - Local Conditions","145","R & P Model 2025 PM-2.5 Sequential Air Sampler w/VSCC","31080","Los Angeles-Long Beach-Anaheim, CA","06","California","037","Los Angeles","33.9013890008739","-118.205"
"07/11/2025","AQS","060371302","1","10.4","ug/m3 LC","53","Compton","1","100.0000","88101","PM2.5 - Local Conditions","145","R & P Model 2025 PM-2.5 Sequential Air Sampler w/VSCC","31080","Los Angeles-Long Beach-Anaheim, CA","06","California","037","Los Angeles","33.9013890008739","-118.205"
"07/12/2025","AQS","060371302","1","10","ug/m3 LC","53","Compton","1","100.0000","88101","PM2.5 - Local Conditions","145","R & P Model 2025 PM-2.5 Sequential Air Sampler w/VSCC","31080","Los Angeles-Long Beach-Anaheim, CA","06","California","037","Los Angeles","33.9013890008739","-118.205"
"07/13/2025","AQS","060371302","1","9.5","ug/m3 LC","52","Compton","1","100.0000","88101","PM2.5 - Local Conditions","145","R & P Model 2025 PM-2.5 Sequential Air Sampler w/VSCC","31080","Los Angeles-Long Beach-Anaheim, CA","06","California","037","Los Angeles","33.9013890008739","-118.205"
"07/14/2025","AQS","060371302","1","7.3","ug/m3 LC","41","Compton","1","100.0000","88101","PM2.5 - Local Conditions","145","R & P Model 2025 PM-2.5 Sequential Air Sampler w/VSCC","31080","Los Angeles-Long Beach-Anaheim, CA","06","California","037","Los Angeles","33.9013890008739","-118.205"
"07/15/2025","AQS","060371302","1","4.5","ug/m3 LC","25","Compton","1","100.0000","88101","PM2.5 - Local Conditions","145","R & P Model 2025 PM-2.5 Sequential Air Sampler w/VSCC","31080","Los Angeles-Long Beach-Anaheim, CA","06","California","037","Los Angeles","33.9013890008739","-118.205"
"07/16/2025","AQS","060371302","1","4","ug/m3 LC","22","Compton","1","100.0000","88101","PM2.5 - Local Conditions","145","R & P Model 2025 PM-2.5 Sequential Air Sampler w/VSCC","31080","Los Angeles-Long Beach-Anaheim, CA","06","California","037","Los Angeles","33.9013890008739","-118.205"
"07/17/2025","AQS","060371302","1","4.8","ug/m3 LC","27","Compton","1","100.0000","88101","PM2.5 - Local Conditions","145","R & P Model 2025 PM-2.5 Sequential Air Sampler w/VSCC","31080","Los Angeles-Long Beach-Anaheim, CA","06","California","037","Los Angeles","33.9013890008739","-118.205"
"07/18/2025","AQS","060371302","1","5.9","ug/m3 LC","33","Compton","1","100.0000","88101","PM2.5 - Local Conditions","145","R & P Model 2025 PM-2.5 Sequential Air Sampler w/VSCC","31080","Los Angeles-Long Beach-Anaheim, CA","06","California","037","Los Angeles","33.9013890008739","-118.205"
"07/19/2025","AQS","060371302","1","7.2","ug/m3 LC","40","Compton","1","100.0000","88101","PM2.5 - Local Conditions","145","R & P Model 2025 PM-2.5 Sequential Air Sampler w/VSCC","31080","Los Angeles-Long Beach-Anaheim, CA","06","California","037","Los Angeles","33.9013890008739","-118.205"
"07/20/2025","AQS","060371302","1","7.2","ug/m3 LC","40","Compton","1","100.0000","88101","PM2.5 - Local Conditions","145","R & P Model 2025 PM-2.5 Sequential Air Sampler w/VSCC","31080","Los Angeles-Long Beach-Anaheim, CA","06","California","037","Los Angeles","33.9013890008739","-118.205"
"07/21/2025","AQS","060371302","1","5.7","ug/m3 LC","32","Compton","1","100.0000","88101","PM2.5 - Local Conditions","145","R & P Model 2025 PM-2.5 Sequential Air Sampler w/VSCC","31080","Los Angeles-Long Beach-Anaheim, CA","06","California","037","Los Angeles","33.9013890008739","-118.205"
"07/22/2025","AQS","060371302","1","4.7","ug/m3 LC","26","Compton","1","100.0000","88101","PM2.5 - Local Conditions","145","R & P Model 2025 PM-2.5 Sequential Air Sampler w/VSCC","31080","Los Angeles-Long Beach-Anaheim, CA","06","California","037","Los Angeles","33.9013890008739","-118.205"
"07/23/2025","AQS","060371302","1","6","ug/m3 LC","33","Compton","1","100.0000","88101","PM2.5 - Local Conditions","145","R & P Model 2025 PM-2.5 Sequential Air Sampler w/VSCC","31080","Los Angeles-Long Beach-Anaheim, CA","06","California","037","Los Angeles","33.9013890008739","-118.205"
"07/24/2025","AQS","060371302","1","4.9","ug/m3 LC","27","Compton","1","100.0000","88101","PM2.5 - Local Conditions","145","R & P Model 2025 PM-2.5 Sequential Air Sampler w/VSCC","31080","Los Angeles-Long Beach-Anaheim, CA","06","California","037","Los Angeles","33.9013890008739","-118.205"
"07/25/2025","AQS","060371302","1","4.3","ug/m3 LC","24","Compton","1","100.0000","88101","PM2.5 - Local Conditions","145","R & P Model 2025 PM-2.5 Sequential Air Sampler w/VSCC","31080","Los Angeles-Long Beach-Anaheim, CA","06","California","037","Los Angeles","33.9013890008739","-118.205"
"07/26/2025","AQS","060371302","1","4.3","ug/m3 LC","24","Compton","1","100.0000","88101","PM2.5 - Local Conditions","145","R & P Model 2025 PM-2.5 Sequential Air Sampler w/VSCC","31080","Los Angeles-Long Beach-Anaheim, CA","06","California","037","Los Angeles","33.9013890008739","-118.205"
"07/27/2025","AQS","060371302","1","5","ug/m3 LC","28","Compton","1","100.0000","88101","PM2.5 - Local Conditions","145","R & P Model 2025 PM-2.5 Sequential Air Sampler w/VSCC","31080","Los Angeles-Long Beach-Anaheim, CA","06","California","037","Los Angeles","33.9013890008739","-118.205"
"07/28/2025","AQS","060371302","1","7.6","ug/m3 LC","42","Compton","1","100.0000","88101","PM2.5 - Local Conditions","145","R & P Model 2025 PM-2.5 Sequential Air Sampler w/VSCC","31080","Los Angeles-Long Beach-Anaheim, CA","06","California","037","Los Angeles","33.9013890008739","-118.205"
"07/29/2025","AQS","060371302","1","9","ug/m3 LC","50","Compton","1","100.0000","88101","PM2.5 - Local Conditions","145","R & P Model 2025 PM-2.5 Sequential Air Sampler w/VSCC","31080","Los Angeles-Long Beach-Anaheim, CA","06","California","037","Los Angeles","33.9013890008739","-118.205"
"07/30/2025","AQS","060371302","1","9.7","ug/m3 LC","52","Compton","1","100.0000","88101","PM2.5 - Local Conditions","145","R & P Model 2025 PM-2.5 Sequential Air Sampler w/VSCC","31080","Los Angeles-Long Beach-Anaheim, CA","06","California","037","Los Angeles","33.9013890008739","-118.205"
"07/31/2025","AQS","060371302","1","10.2","ug/m3 LC","53","Compton","1","100.0000","88101","PM2.5 - Local Conditions","145","R & P Model 2025 PM-2.5 Sequential Air Sampler w/VSCC","31080","Los Angeles-Long Beach-Anaheim, CA","06","California","037","Los Angeles","33.9013890008739","-118.205"
"08/01/2025","AQS","060371302","1","9","ug/m3 LC","50","Compton","1","100.0000","88101","PM2.5 - Local Conditions","145","R & P Model 2025 PM-2.5 Sequential Air Sampler w/VSCC","31080","Los Angeles-Long Beach-Anaheim, CA","06","California","037","Los Angeles","33.9013890008739","-118.205"
"08/02/2025","AQS","060371302","1","12.6","ug/m3 LC","58","Compton","1","100.0000","88101","PM2.5 - Local Conditions","145","R & P Model 2025 PM-2.5 Sequential Air Sampler w/VSCC","31080","Los Angeles-Long Beach-Anaheim, CA","06","California","037","Los Angeles","33.9013890008739","-118.205"
"08/03/2025","AQS","060371302","1","10.1","ug/m3 LC","53","Compton","1","100.0000","88101","PM2.5 - Local Conditions","145","R & P Model 2025 PM-2.5 Sequential Air Sampler w/VSCC","31080","Los Angeles-Long Beach-Anaheim, CA","06","California","037","Los Angeles","33.9013890008739","-118.205"
"08/04/2025","AQS","060371302","1","16","ug/m3 LC","64","Compton","1","100.0000","88101","PM2.5 - Local Conditions","145","R & P Model 2025 PM-2.5 Sequential Air Sampler w/VSCC","31080","Los Angeles-Long Beach-Anaheim, CA","06","California","037","Los Angeles","33.9013890008739","-118.205"
"08/05/2025","AQS","060371302","1","15.6","ug/m3 LC","63","Compton","1","100.0000","88101","PM2.5 - Local Conditions","145","R & P Model 2025 PM-2.5 Sequential Air Sampler w/VSCC","31080","Los Angeles-Long Beach-Anaheim, CA","06","California","037","Los Angeles","33.9013890008739","-118.205"
"08/06/2025","AQS","060371302","1","15.7","ug/m3 LC","63","Compton","1","100.0000","88101","PM2.5 - Local Conditions","145","R & P Model 2025 PM-2.5 Sequential Air Sampler w/VSCC","31080","Los Angeles-Long Beach-Anaheim, CA","06","California","037","Los Angeles","33.9013890008739","-118.205"
"08/07/2025","AQS","060371302","1","13","ug/m3 LC","58","Compton","1","100.0000","88101","PM2.5 - Local Conditions","145","R & P Model 2025 PM-2.5 Sequential Air Sampler w/VSCC","31080","Los Angeles-Long Beach-Anaheim, CA","06","California","037","Los Angeles","33.9013890008739","-118.205"
"08/08/2025","AQS","060371302","1","9.7","ug/m3 LC","52","Compton","1","100.0000","88101","PM2.5 - Local Conditions","145","R & P Model 2025 PM-2.5 Sequential Air Sampler w/VSCC","31080","Los Angeles-Long Beach-Anaheim, CA","06","California","037","Los Angeles","33.9013890008739","-118.205"
"08/09/2025","AQS","060371302","1","13","ug/m3 LC","58","Compton","1","100.0000","88101","PM2.5 - Local Conditions","145","R & P Model 2025 PM-2.5 Sequential Air Sampler w/VSCC","31080","Los Angeles-Long Beach-Anaheim, CA","06","California","037","Los Angeles","33.9013890008739","-118.205"
"08/10/2025","AQS","060371302","1","12.2","ug/m3 LC","57","Compton","1","100.0000","88101","PM2.5 - Local Conditions","145","R & P Model 2025 PM-2.5 Sequential Air Sampler w/VSCC","31080","Los Angeles-Long Beach-Anaheim, CA","06","California","037","Los Angeles","33.9013890008739","-118.205"
"08/11/2025","AQS","060371302","1","11.3","ug/m3 LC","55","Compton","1","100.0000","88101","PM2.5 - Local Conditions","145","R & P Model 2025 PM-2.5 Sequential Air Sampler w/VSCC","31080","Los Angeles-Long Beach-Anaheim, CA","06","California","037","Los Angeles","33.9013890008739","-118.205"
"08/12/2025","AQS","060371302","1","12","ug/m3 LC","56","Compton","1","100.0000","88101","PM2.5 - Local Conditions","145","R & P Model 2025 PM-2.5 Sequential Air Sampler w/VSCC","31080","Los Angeles-Long Beach-Anaheim, CA","06","California","037","Los Angeles","33.9013890008739","-118.205"
"08/13/2025","AQS","060371302","1","12.5","ug/m3 LC","57","Compton","1","100.0000","88101","PM2.5 - Local Conditions","145","R & P Model 2025 PM-2.5 Sequential Air Sampler w/VSCC","31080","Los Angeles-Long Beach-Anaheim, CA","06","California","037","Los Angeles","33.9013890008739","-118.205"
"08/14/2025","AQS","060371302","1","10.7","ug/m3 LC","54","Compton","1","100.0000","88101","PM2.5 - Local Conditions","145","R & P Model 2025 PM-2.5 Sequential Air Sampler w/VSCC","31080","Los Angeles-Long Beach-Anaheim, CA","06","California","037","Los Angeles","33.9013890008739","-118.205"
"08/15/2025","AQS","060371302","1","7.5","ug/m3 LC","42","Compton","1","100.0000","88101","PM2.5 - Local Conditions","145","R & P Model 2025 PM-2.5 Sequential Air Sampler w/VSCC","31080","Los Angeles-Long Beach-Anaheim, CA","06","California","037","Los Angeles","33.9013890008739","-118.205"
"08/16/2025","AQS","060371302","1","6.1","ug/m3 LC","34","Compton","1","100.0000","88101","PM2.5 - Local Conditions","145","R & P Model 2025 PM-2.5 Sequential Air Sampler w/VSCC","31080","Los Angeles-Long Beach-Anaheim, CA","06","California","037","Los Angeles","33.9013890008739","-118.205"
"08/17/2025","AQS","060371302","1","8.3","ug/m3 LC","46","Compton","1","100.0000","88101","PM2.5 - Local Conditions","145","R & P Model 2025 PM-2.5 Sequential Air Sampler w/VSCC","31080","Los Angeles-Long Beach-Anaheim, CA","06","California","037","Los Angeles","33.9013890008739","-118.205"
"08/18/2025","AQS","060371302","1","9","ug/m3 LC","50","Compton","1","100.0000","88101","PM2.5 - Local Conditions","145","R & P Model 2025 PM-2.5 Sequential Air Sampler w/VSCC","31080","Los Angeles-Long Beach-Anaheim, CA","06","California","037","Los Angeles","33.9013890008739","-118.205"
"08/19/2025","AQS","060371302","1","10.4","ug/m3 LC","53","Compton","1","100.0000","88101","PM2.5 - Local Conditions","145","R & P Model 2025 PM-2.5 Sequential Air Sampler w/VSCC","31080","Los Angeles-Long Beach-Anaheim, CA","06","California","037","Los Angeles","33.9013890008739","-118.205"
"08/20/2025","AQS","060371302","1","11","ug/m3 LC","55","Compton","1","100.0000","88101","PM2.5 - Local Conditions","145","R & P Model 2025 PM-2.5 Sequential Air Sampler w/VSCC","31080","Los Angeles-Long Beach-Anaheim, CA","06","California","037","Los Angeles","33.9013890008739","-118.205"
"08/21/2025","AQS","060371302","1","12.4","ug/m3 LC","57","Compton","1","100.0000","88101","PM2.5 - Local Conditions","145","R & P Model 2025 PM-2.5 Sequential Air Sampler w/VSCC","31080","Los Angeles-Long Beach-Anaheim, CA","06","California","037","Los Angeles","33.9013890008739","-118.205"
"08/22/2025","AQS","060371302","1","14.2","ug/m3 LC","61","Compton","1","100.0000","88101","PM2.5 - Local Conditions","145","R & P Model 2025 PM-2.5 Sequential Air Sampler w/VSCC","31080","Los Angeles-Long Beach-Anaheim, CA","06","California","037","Los Angeles","33.9013890008739","-118.205"
"08/23/2025","AQS","060371302","1","12.4","ug/m3 LC","57","Compton","1","100.0000","88101","PM2.5 - Local Conditions","145","R & P Model 2025 PM-2.5 Sequential Air Sampler w/VSCC","31080","Los Angeles-Long Beach-Anaheim, CA","06","California","037","Los Angeles","33.9013890008739","-118.205"
"08/24/2025","AQS","060371302","1","9.2","ug/m3 LC","51","Compton","1","100.0000","88101","PM2.5 - Local Conditions","145","R & P Model 2025 PM-2.5 Sequential Air Sampler w/VSCC","31080","Los Angeles-Long Beach-Anaheim, CA","06","California","037","Los Angeles","33.9013890008739","-118.205"
"08/25/2025","AQS","060371302","1","10.8","ug/m3 LC","54","Compton","1","100.0000","88101","PM2.5 - Local Conditions","145","R & P Model 2025 PM-2.5 Sequential Air Sampler w/VSCC","31080","Los Angeles-Long Beach-Anaheim, CA","06","California","037","Los Angeles","33.9013890008739","-118.205"
"08/26/2025","AQS","060371302","1","10.5","ug/m3 LC","54","Compton","1","100.0000","88101","PM2.5 - Local Conditions","145","R & P Model 2025 PM-2.5 Sequential Air Sampler w/VSCC","31080","Los Angeles-Long Beach-Anaheim, CA","06","California","037","Los Angeles","33.9013890008739","-118.205"
"08/27/2025","AQS","060371302","1","9.5","ug/m3 LC","52","Compton","1","100.0000","88101","PM2.5 - Local Conditions","145","R & P Model 2025 PM-2.5 Sequential Air Sampler w/VSCC","31080","Los Angeles-Long Beach-Anaheim, CA","06","California","037","Los Angeles","33.9013890008739","-118.205"
"08/28/2025","AQS","060371302","1","8.9","ug/m3 LC","49","Compton","1","100.0000","88101","PM2.5 - Local Conditions","145","R & P Model 2025 PM-2.5 Sequential Air Sampler w/VSCC","31080","Los Angeles-Long Beach-Anaheim, CA","06","California","037","Los Angeles","33.9013890008739","-118.205"
"08/29/2025","AQS","060371302","1","8.7","ug/m3 LC","48","Compton","1","100.0000","88101","PM2.5 - Local Conditions","145","R & P Model 2025 PM-2.5 Sequential Air Sampler w/VSCC","31080","Los Angeles-Long Beach-Anaheim, CA","06","California","037","Los Angeles","33.9013890008739","-118.205"
"08/30/2025","AQS","060371302","1","9.3","ug/m3 LC","51","Compton","1","100.0000","88101","PM2.5 - Local Conditions","145","R & P Model 2025 PM-2.5 Sequential Air Sampler w/VSCC","31080","Los Angeles-Long Beach-Anaheim, CA","06","California","037","Los Angeles","33.9013890008739","-118.205"
"08/31/2025","AQS","060371302","1","9.7","ug/m3 LC","52","Compton","1","100.0000","88101","PM2.5 - Local Conditions","145","R & P Model 2025 PM-2.5 Sequential Air Sampler w/VSCC","31080","Los Angeles-Long Beach-Anaheim, CA","06","California","037","Los Angeles","33.9013890008739","-118.205"
"09/01/2025","AQS","060371302","1","10.5","ug/m3 LC","54","Compton","1","100.0000","88101","PM2.5 - Local Conditions","145","R & P Model 2025 PM-2.5 Sequential Air Sampler w/VSCC","31080","Los Angeles-Long Beach-Anaheim, CA","06","California","037","Los Angeles","33.9013890008739","-118.205"
"09/02/2025","AQS","060371302","1","12","ug/m3 LC","56","Compton","1","100.0000","88101","PM2.5 - Local Conditions","145","R & P Model 2025 PM-2.5 Sequential Air Sampler w/VSCC","31080","Los Angeles-Long Beach-Anaheim, CA","06","California","037","Los Angeles","33.9013890008739","-118.205"
"09/03/2025","AQS","060371302","1","9.6","ug/m3 LC","52","Compton","1","100.0000","88101","PM2.5 - Local Conditions","145","R & P Model 2025 PM-2.5 Sequential Air Sampler w/VSCC","31080","Los Angeles-Long Beach-Anaheim, CA","06","California","037","Los Angeles","33.9013890008739","-118.205"
"09/05/2025","AQS","060371302","1","10.3","ug/m3 LC","53","Compton","1","100.0000","88101","PM2.5 - Local Conditions","145","R & P Model 2025 PM-2.5 Sequential Air Sampler w/VSCC","31080","Los Angeles-Long Beach-Anaheim, CA","06","California","037","Los Angeles","33.9013890008739","-118.205"
"09/06/2025","AQS","060371302","1","9.2","ug/m3 LC","51","Compton","1","100.0000","88101","PM2.5 - Local Conditions","145","R & P Model 2025 PM-2.5 Sequential Air Sampler w/VSCC","31080","Los Angeles-Long Beach-Anaheim, CA","06","California","037","Los Angeles","33.9013890008739","-118.205"
"09/07/2025","AQS","060371302","1","8.7","ug/m3 LC","48","Compton","1","100.0000","88101","PM2.5 - Local Conditions","145","R & P Model 2025 PM-2.5 Sequential Air Sampler w/VSCC","31080","Los Angeles-Long Beach-Anaheim, CA","06","California","037","Los Angeles","33.9013890008739","-118.205"
"09/08/2025","AQS","060371302","1","5.8","ug/m3 LC","32","Compton","1","100.0000","88101","PM2.5 - Local Conditions","145","R & P Model 2025 PM-2.5 Sequential Air Sampler w/VSCC","31080","Los Angeles-Long Beach-Anaheim, CA","06","California","037","Los Angeles","33.9013890008739","-118.205"
"09/11/2025","AQS","060371302","1","5.1","ug/m3 LC","28","Compton","1","100.0000","88101","PM2.5 - Local Conditions","145","R & P Model 2025 PM-2.5 Sequential Air Sampler w/VSCC","31080","Los Angeles-Long Beach-Anaheim, CA","06","California","037","Los Angeles","33.9013890008739","-118.205"
"09/12/2025","AQS","060371302","1","6.3","ug/m3 LC","35","Compton","1","100.0000","88101","PM2.5 - Local Conditions","145","R & P Model 2025 PM-2.5 Sequential Air Sampler w/VSCC","31080","Los Angeles-Long Beach-Anaheim, CA","06","California","037","Los Angeles","33.9013890008739","-118.205"
"09/13/2025","AQS","060371302","1","9.4","ug/m3 LC","52","Compton","1","100.0000","88101","PM2.5 - Local Conditions","145","R & P Model 2025 PM-2.5 Sequential Air Sampler w/VSCC","31080","Los Angeles-Long Beach-Anaheim, CA","06","California","037","Los Angeles","33.9013890008739","-118.205"
"09/14/2025","AQS","060371302","1","12.2","ug/m3 LC","57","Compton","1","100.0000","88101","PM2.5 - Local Conditions","145","R & P Model 2025 PM-2.5 Sequential Air Sampler w/VSCC","31080","Los Angeles-Long Beach-Anaheim, CA","06","California","037","Los Angeles","33.9013890008739","-118.205"
"09/15/2025","AQS","060371302","1","19.3","ug/m3 LC","70","Compton","1","100.0000","88101","PM2.5 - Local Conditions","145","R & P Model 2025 PM-2.5 Sequential Air Sampler w/VSCC","31080","Los Angeles-Long Beach-Anaheim, CA","06","California","037","Los Angeles","33.9013890008739","-118.205"
"09/16/2025","AQS","060371302","1","12.6","ug/m3 LC","58","Compton","1","100.0000","88101","PM2.5 - Local Conditions","145","R & P Model 2025 PM-2.5 Sequential Air Sampler w/VSCC","31080","Los Angeles-Long Beach-Anaheim, CA","06","California","037","Los Angeles","33.9013890008739","-118.205"
"09/17/2025","AQS","060371302","1","8.1","ug/m3 LC","45","Compton","1","100.0000","88101","PM2.5 - Local Conditions","145","R & P Model 2025 PM-2.5 Sequential Air Sampler w/VSCC","31080","Los Angeles-Long Beach-Anaheim, CA","06","California","037","Los Angeles","33.9013890008739","-118.205"
"09/18/2025","AQS","060371302","1","10","ug/m3 LC","53","Compton","1","100.0000","88101","PM2.5 - Local Conditions","145","R & P Model 2025 PM-2.5 Sequential Air Sampler w/VSCC","31080","Los Angeles-Long Beach-Anaheim, CA","06","California","037","Los Angeles","33.9013890008739","-118.205"
"09/19/2025","AQS","060371302","1","7.7","ug/m3 LC","43","Compton","1","100.0000","88101","PM2.5 - Local Conditions","145","R & P Model 2025 PM-2.5 Sequential Air Sampler w/VSCC","31080","Los Angeles-Long Beach-Anaheim, CA","06","California","037","Los Angeles","33.9013890008739","-118.205"
"09/20/2025","AQS","060371302","1","10.5","ug/m3 LC","54","Compton","1","100.0000","88101","PM2.5 - Local Conditions","145","R & P Model 2025 PM-2.5 Sequential Air Sampler w/VSCC","31080","Los Angeles-Long Beach-Anaheim, CA","06","California","037","Los Angeles","33.9013890008739","-118.205"
"09/21/2025","AQS","060371302","1","12.5","ug/m3 LC","57","Compton","1","100.0000","88101","PM2.5 - Local Conditions","145","R & P Model 2025 PM-2.5 Sequential Air Sampler w/VSCC","31080","Los Angeles-Long Beach-Anaheim, CA","06","California","037","Los Angeles","33.9013890008739","-118.205"
"09/22/2025","AQS","060371302","1","10","ug/m3 LC","53","Compton","1","100.0000","88101","PM2.5 - Local Conditions","145","R & P Model 2025 PM-2.5 Sequential Air Sampler w/VSCC","31080","Los Angeles-Long Beach-Anaheim, CA","06","California","037","Los Angeles","33.9013890008739","-118.205"
"09/23/2025","AQS","060371302","1","8.8","ug/m3 LC","49","Compton","1","100.0000","88101","PM2.5 - Local Conditions","145","R & P Model 2025 PM-2.5 Sequential Air Sampler w/VSCC","31080","Los Angeles-Long Beach-Anaheim, CA","06","California","037","Los Angeles","33.9013890008739","-118.205"
"09/24/2025","AQS","060371302","1","8.5","ug/m3 LC","47","Compton","1","100.0000","88101","PM2.5 - Local Conditions","145","R & P Model 2025 PM-2.5 Sequential Air Sampler w/VSCC","31080","Los Angeles-Long Beach-Anaheim, CA","06","California","037","Los Angeles","33.9013890008739","-118.205"
"09/25/2025","AQS","060371302","1","9.3","ug/m3 LC","51","Compton","1","100.0000","88101","PM2.5 - Local Conditions","145","R & P Model 2025 PM-2.5 Sequential Air Sampler w/VSCC","31080","Los Angeles-Long Beach-Anaheim, CA","06","California","037","Los Angeles","33.9013890008739","-118.205"
"09/26/2025","AQS","060371302","1","5.3","ug/m3 LC","29","Compton","1","100.0000","88101","PM2.5 - Local Conditions","145","R & P Model 2025 PM-2.5 Sequential Air Sampler w/VSCC","31080","Los Angeles-Long Beach-Anaheim, CA","06","California","037","Los Angeles","33.9013890008739","-118.205"
"09/27/2025","AQS","060371302","1","6.2","ug/m3 LC","34","Compton","1","100.0000","88101","PM2.5 - Local Conditions","145","R & P Model 2025 PM-2.5 Sequential Air Sampler w/VSCC","31080","Los Angeles-Long Beach-Anaheim, CA","06","California","037","Los Angeles","33.9013890008739","-118.205"
"09/28/2025","AQS","060371302","1","6.2","ug/m3 LC","34","Compton","1","100.0000","88101","PM2.5 - Local Conditions","145","R & P Model 2025 PM-2.5 Sequential Air Sampler w/VSCC","31080","Los Angeles-Long Beach-Anaheim, CA","06","California","037","Los Angeles","33.9013890008739","-118.205"
"09/29/2025","AQS","060371302","1","6.2","ug/m3 LC","34","Compton","1","100.0000","88101","PM2.5 - Local Conditions","145","R & P Model 2025 PM-2.5 Sequential Air Sampler w/VSCC","31080","Los Angeles-Long Beach-Anaheim, CA","06","California","037","Los Angeles","33.9013890008739","-118.205"
"09/30/2025","AQS","060371302","1","10.2","ug/m3 LC","53","Compton","1","100.0000","88101","PM2.5 - Local Conditions","145","R & P Model 2025 PM-2.5 Sequential Air Sampler w/VSCC","31080","Los Angeles-Long Beach-Anaheim, CA","06","California","037","Los Angeles","33.9013890008739","-118.205"
"10/01/2025","AQS","060371302","1","4.6","ug/m3 LC","26","Compton","1","100.0000","88101","PM2.5 - Local Conditions","145","R & P Model 2025 PM-2.5 Sequential Air Sampler w/VSCC","31080","Los Angeles-Long Beach-Anaheim, CA","06","California","037","Los Angeles","33.9013890008739","-118.205"
"10/02/2025","AQS","060371302","1","5.7","ug/m3 LC","32","Compton","1","100.0000","88101","PM2.5 - Local Conditions","145","R & P Model 2025 PM-2.5 Sequential Air Sampler w/VSCC","31080","Los Angeles-Long Beach-Anaheim, CA","06","California","037","Los Angeles","33.9013890008739","-118.205"
"10/03/2025","AQS","060371302","1","6","ug/m3 LC","33","Compton","1","100.0000","88101","PM2.5 - Local Conditions","145","R & P Model 2025 PM-2.5 Sequential Air Sampler w/VSCC","31080","Los Angeles-Long Beach-Anaheim, CA","06","California","037","Los Angeles","33.9013890008739","-118.205"
"10/04/2025","AQS","060371302","1","9.2","ug/m3 LC","51","Compton","1","100.0000","88101","PM2.5 - Local Conditions","145","R & P Model 2025 PM-2.5 Sequential Air Sampler w/VSCC","31080","Los Angeles-Long Beach-Anaheim, CA","06","California","037","Los Angeles","33.9013890008739","-118.205"
"10/05/2025","AQS","060371302","1","10.7","ug/m3 LC","54","Compton","1","100.0000","88101","PM2.5 - Local Conditions","145","R & P Model 2025 PM-2.5 Sequential Air Sampler w/VSCC","31080","Los Angeles-Long Beach-Anaheim, CA","06","California","037","Los Angeles","33.9013890008739","-118.205"
"10/06/2025","AQS","060371302","1","12.1","ug/m3 LC","57","Compton","1","100.0000","88101","PM2.5 - Local Conditions","145","R & P Model 2025 PM-2.5 Sequential Air Sampler w/VSCC","31080","Los Angeles-Long Beach-Anaheim, CA","06","California","037","Los Angeles","33.9013890008739","-118.205"
"10/07/2025","AQS","060371302","1","10","ug/m3 LC","53","Compton","1","100.0000","88101","PM2.5 - Local Conditions","145","R & P Model 2025 PM-2.5 Sequential Air Sampler w/VSCC","31080","Los Angeles-Long Beach-Anaheim, CA","06","California","037","Los Angeles","33.9013890008739","-118.205"
"10/08/2025","AQS","060371302","1","8","ug/m3 LC","44","Compton","1","100.0000","88101","PM2.5 - Local Conditions","145","R & P Model 2025 PM-2.5 Sequential Air Sampler w/VSCC","31080","Los Angeles-Long Beach-Anaheim, CA","06","California","037","Los Angeles","33.9013890008739","-118.205"
"10/09/2025","AQS","060371302","1","6.9","ug/m3 LC","38","Compton","1","100.0000","88101","PM2.5 - Local Conditions","145","R & P Model 2025 PM-2.5 Sequential Air Sampler w/VSCC","31080","Los Angeles-Long Beach-Anaheim, CA","06","California","037","Los Angeles","33.9013890008739","-118.205"
"10/10/2025","AQS","060371302","1","7.6","ug/m3 LC","42","Compton","1","100.0000","88101","PM2.5 - Local Conditions","145","R & P Model 2025 PM-2.5 Sequential Air Sampler w/VSCC","31080","Los Angeles-Long Beach-Anaheim, CA","06","California","037","Los Angeles","33.9013890008739","-118.205"
"10/11/2025","AQS","060371302","1","8.3","ug/m3 LC","46","Compton","1","100.0000","88101","PM2.5 - Local Conditions","145","R & P Model 2025 PM-2.5 Sequential Air Sampler w/VSCC","31080","Los Angeles-Long Beach-Anaheim, CA","06","California","037","Los Angeles","33.9013890008739","-118.205"
"10/12/2025","AQS","060371302","1","9.7","ug/m3 LC","52","Compton","1","100.0000","88101","PM2.5 - Local Conditions","145","R & P Model 2025 PM-2.5 Sequential Air Sampler w/VSCC","31080","Los Angeles-Long Beach-Anaheim, CA","06","California","037","Los Angeles","33.9013890008739","-118.205"
"10/13/2025","AQS","060371302","1","8.2","ug/m3 LC","46","Compton","1","100.0000","88101","PM2.5 - Local Conditions","145","R & P Model 2025 PM-2.5 Sequential Air Sampler w/VSCC","31080","Los Angeles-Long Beach-Anaheim, CA","06","California","037","Los Angeles","33.9013890008739","-118.205"
"10/14/2025","AQS","060371302","1","4.4","ug/m3 LC","24","Compton","1","100.0000","88101","PM2.5 - Local Conditions","145","R & P Model 2025 PM-2.5 Sequential Air Sampler w/VSCC","31080","Los Angeles-Long Beach-Anaheim, CA","06","California","037","Los Angeles","33.9013890008739","-118.205"
"10/15/2025","AQS","060371302","1","4.7","ug/m3 LC","26","Compton","1","100.0000","88101","PM2.5 - Local Conditions","145","R & P Model 2025 PM-2.5 Sequential Air Sampler w/VSCC","31080","Los Angeles-Long Beach-Anaheim, CA","06","California","037","Los Angeles","33.9013890008739","-118.205"
"10/16/2025","AQS","060371302","1","8.7","ug/m3 LC","48","Compton","1","100.0000","88101","PM2.5 - Local Conditions","145","R & P Model 2025 PM-2.5 Sequential Air Sampler w/VSCC","31080","Los Angeles-Long Beach-Anaheim, CA","06","California","037","Los Angeles","33.9013890008739","-118.205"
"10/17/2025","AQS","060371302","1","9.9","ug/m3 LC","52","Compton","1","100.0000","88101","PM2.5 - Local Conditions","145","R & P Model 2025 PM-2.5 Sequential Air Sampler w/VSCC","31080","Los Angeles-Long Beach-Anaheim, CA","06","California","037","Los Angeles","33.9013890008739","-118.205"
"10/18/2025","AQS","060371302","1","11.4","ug/m3 LC","55","Compton","1","100.0000","88101","PM2.5 - Local Conditions","145","R & P Model 2025 PM-2.5 Sequential Air Sampler w/VSCC","31080","Los Angeles-Long Beach-Anaheim, CA","06","California","037","Los Angeles","33.9013890008739","-118.205"
"10/19/2025","AQS","060371302","1","13.7","ug/m3 LC","60","Compton","1","100.0000","88101","PM2.5 - Local Conditions","145","R & P Model 2025 PM-2.5 Sequential Air Sampler w/VSCC","31080","Los Angeles-Long Beach-Anaheim, CA","06","California","037","Los Angeles","33.9013890008739","-118.205"
"10/20/2025","AQS","060371302","1","12.6","ug/m3 LC","58","Compton","1","100.0000","88101","PM2.5 - Local Conditions","145","R & P Model 2025 PM-2.5 Sequential Air Sampler w/VSCC","31080","Los Angeles-Long Beach-Anaheim, CA","06","California","037","Los Angeles","33.9013890008739","-118.205"
"10/21/2025","AQS","060371302","1","11","ug/m3 LC","55","Compton","1","100.0000","88101","PM2.5 - Local Conditions","145","R & P Model 2025 PM-2.5 Sequential Air Sampler w/VSCC","31080","Los Angeles-Long Beach-Anaheim, CA","06","California","037","Los Angeles","33.9013890008739","-118.205"
"10/22/2025","AQS","060371302","1","7.9","ug/m3 LC","44","Compton","1","100.0000","88101","PM2.5 - Local Conditions","145","R & P Model 2025 PM-2.5 Sequential Air Sampler w/VSCC","31080","Los Angeles-Long Beach-Anaheim, CA","06","California","037","Los Angeles","33.9013890008739","-118.205"
"10/23/2025","AQS","060371302","1","10.5","ug/m3 LC","54","Compton","1","100.0000","88101","PM2.5 - Local Conditions","145","R & P Model 2025 PM-2.5 Sequential Air Sampler w/VSCC","31080","Los Angeles-Long Beach-Anaheim, CA","06","California","037","Los Angeles","33.9013890008739","-118.205"
"10/24/2025","AQS","060371302","1","17.2","ug/m3 LC","66","Compton","1","100.0000","88101","PM2.5 - Local Conditions","145","R & P Model 2025 PM-2.5 Sequential Air Sampler w/VSCC","31080","Los Angeles-Long Beach-Anaheim, CA","06","California","037","Los Angeles","33.9013890008739","-118.205"
"10/25/2025","AQS","060371302","1","27.5","ug/m3 LC","85","Compton","1","100.0000","88101","PM2.5 - Local Conditions","145","R & P Model 2025 PM-2.5 Sequential Air Sampler w/VSCC","31080","Los Angeles-Long Beach-Anaheim, CA","06","California","037","Los Angeles","33.9013890008739","-118.205"
"10/26/2025","AQS","060371302","1","23.9","ug/m3 LC","79","Compton","1","100.0000","88101","PM2.5 - Local Conditions","145","R & P Model 2025 PM-2.5 Sequential Air Sampler w/VSCC","31080","Los Angeles-Long Beach-Anaheim, CA","06","California","037","Los Angeles","33.9013890008739","-118.205"
"10/27/2025","AQS","060371302","1","19.2","ug/m3 LC","70","Compton","1","100.0000","88101","PM2.5 - Local Conditions","145","R & P Model 2025 PM-2.5 Sequential Air Sampler w/VSCC","31080","Los Angeles-Long Beach-Anaheim, CA","06","California","037","Los Angeles","33.9013890008739","-118.205"
"10/28/2025","AQS","060371302","1","14.2","ug/m3 LC","61","Compton","1","100.0000","88101","PM2.5 - Local Conditions","145","R & P Model 2025 PM-2.5 Sequential Air Sampler w/VSCC","31080","Los Angeles-Long Beach-Anaheim, CA","06","California","037","Los Angeles","33.9013890008739","-118.205"
"10/29/2025","AQS","060371302","1","9.5","ug/m3 LC","52","Compton","1","100.0000","88101","PM2.5 - Local Conditions","145","R & P Model 2025 PM-2.5 Sequential Air Sampler w/VSCC","31080","Los Angeles-Long Beach-Anaheim, CA","06","California","037","Los Angeles","33.9013890008739","-118.205"
"10/30/2025","AQS","060371302","1","12.8","ug/m3 LC","58","Compton","1","100.0000","88101","PM2.5 - Local Conditions","145","R & P Model 2025 PM-2.5 Sequential Air Sampler w/VSCC","31080","Los Angeles-Long Beach-Anaheim, CA","06","California","037","Los Angeles","33.9013890008739","-118.205"
"10/31/2025","AQS","060371302","1","12.4","ug/m3 LC","57","Compton","1","100.0000","88101","PM2.5 - Local Conditions","145","R & P Model 2025 PM-2.5 Sequential Air Sampler w/VSCC","31080","Los Angeles-Long Beach-Anaheim, CA","06","California","037","Los Angeles","33.9013890008739","-118.205"
"11/01/2025","AQS","060371302","1","32.3","ug/m3 LC","94","Compton","1","100.0000","88101","PM2.5 - Local Conditions","145","R & P Model 2025 PM-2.5 Sequential Air Sampler w/VSCC","31080","Los Angeles-Long Beach-Anaheim, CA","06","California","037","Los Angeles","33.9013890008739","-118.205"
"11/02/2025","AQS","060371302","1","32.4","ug/m3 LC","94","Compton","1","100.0000","88101","PM2.5 - Local Conditions","145","R & P Model 2025 PM-2.5 Sequential Air Sampler w/VSCC","31080","Los Angeles-Long Beach-Anaheim, CA","06","California","037","Los Angeles","33.9013890008739","-118.205"
"11/03/2025","AQS","060371302","1","29.1","ug/m3 LC","88","Compton","1","100.0000","88101","PM2.5 - Local Conditions","145","R & P Model 2025 PM-2.5 Sequential Air Sampler w/VSCC","31080","Los Angeles-Long Beach-Anaheim, CA","06","California","037","Los Angeles","33.9013890008739","-118.205"
"11/04/2025","AQS","060371302","1","28.7","ug/m3 LC","88","Compton","1","100.0000","88101","PM2.5 - Local Conditions","145","R & P Model 2025 PM-2.5 Sequential Air Sampler w/VSCC","31080","Los Angeles-Long Beach-Anaheim, CA","06","California","037","Los Angeles","33.9013890008739","-118.205"
"11/05/2025","AQS","060371302","1","6.9","ug/m3 LC","38","Compton","1","100.0000","88101","PM2.5 - Local Conditions","145","R & P Model 2025 PM-2.5 Sequential Air Sampler w/VSCC","31080","Los Angeles-Long Beach-Anaheim, CA","06","California","037","Los Angeles","33.9013890008739","-118.205"
"11/06/2025","AQS","060371302","1","8.1","ug/m3 LC","45","Compton","1","100.0000","88101","PM2.5 - Local Conditions","145","R & P Model 2025 PM-2.5 Sequential Air Sampler w/VSCC","31080","Los Angeles-Long Beach-Anaheim, CA","06","California","037","Los Angeles","33.9013890008739","-118.205"
"11/07/2025","AQS","060371302","1","12.5","ug/m3 LC","57","Compton","1","100.0000","88101","PM2.5 - Local Conditions","145","R & P Model 2025 PM-2.5 Sequential Air Sampler w/VSCC","31080","Los Angeles-Long Beach-Anaheim, CA","06","California","037","Los Angeles","33.9013890008739","-118.205"
"11/08/2025","AQS","060371302","1","19.9","ug/m3 LC","71","Compton","1","100.0000","88101","PM2.5 - Local Conditions","145","R & P Model 2025 PM-2.5 Sequential Air Sampler w/VSCC","31080","Los Angeles-Long Beach-Anaheim, CA","06","California","037","Los Angeles","33.9013890008739","-118.205"
"11/09/2025","AQS","060371302","1","26.1","ug/m3 LC","83","Compton","1","100.0000","88101","PM2.5 - Local Conditions","145","R & P Model 2025 PM-2.5 Sequential Air Sampler w/VSCC","31080","Los Angeles-Long Beach-Anaheim, CA","06","California","037","Los Angeles","33.9013890008739","-118.205"
"11/10/2025","AQS","060371302","1","9.4","ug/m3 LC","52","Compton","1","100.0000","88101","PM2.5 - Local Conditions","145","R & P Model 2025 PM-2.5 Sequential Air Sampler w/VSCC","31080","Los Angeles-Long Beach-Anaheim, CA","06","California","037","Los Angeles","33.9013890008739","-118.205"
"11/11/2025","AQS","060371302","1","13.2","ug/m3 LC","59","Compton","1","100.0000","88101","PM2.5 - Local Conditions","145","R & P Model 2025 PM-2.5 Sequential Air Sampler w/VSCC","31080","Los Angeles-Long Beach-Anaheim, CA","06","California","037","Los Angeles","33.9013890008739","-118.205"
"11/12/2025","AQS","060371302","1","19.2","ug/m3 LC","70","Compton","1","100.0000","88101","PM2.5 - Local Conditions","145","R & P Model 2025 PM-2.5 Sequential Air Sampler w/VSCC","31080","Los Angeles-Long Beach-Anaheim, CA","06","California","037","Los Angeles","33.9013890008739","-118.205"
"11/13/2025","AQS","060371302","1","13.4","ug/m3 LC","59","Compton","1","100.0000","88101","PM2.5 - Local Conditions","145","R & P Model 2025 PM-2.5 Sequential Air Sampler w/VSCC","31080","Los Angeles-Long Beach-Anaheim, CA","06","California","037","Los Angeles","33.9013890008739","-118.205"
"11/14/2025","AQS","060371302","1","8.3","ug/m3 LC","46","Compton","1","100.0000","88101","PM2.5 - Local Conditions","145","R & P Model 2025 PM-2.5 Sequential Air Sampler w/VSCC","31080","Los Angeles-Long Beach-Anaheim, CA","06","California","037","Los Angeles","33.9013890008739","-118.205"
"11/15/2025","AQS","060371302","1","3.4","ug/m3 LC","19","Compton","1","100.0000","88101","PM2.5 - Local Conditions","145","R & P Model 2025 PM-2.5 Sequential Air Sampler w/VSCC","31080","Los Angeles-Long Beach-Anaheim, CA","06","California","037","Los Angeles","33.9013890008739","-118.205"
"11/16/2025","AQS","060371302","1","3.6","ug/m3 LC","20","Compton","1","100.0000","88101","PM2.5 - Local Conditions","145","R & P Model 2025 PM-2.5 Sequential Air Sampler w/VSCC","31080","Los Angeles-Long Beach-Anaheim, CA","06","California","037","Los Angeles","33.9013890008739","-118.205"
"11/17/2025","AQS","060371302","1","2.3","ug/m3 LC","13","Compton","1","100.0000","88101","PM2.5 - Local Conditions","145","R & P Model 2025 PM-2.5 Sequential Air Sampler w/VSCC","31080","Los Angeles-Long Beach-Anaheim, CA","06","California","037","Los Angeles","33.9013890008739","-118.205"
"11/18/2025","AQS","060371302","1","7.2","ug/m3 LC","40","Compton","1","100.0000","88101","PM2.5 - Local Conditions","145","R & P Model 2025 PM-2.5 Sequential Air Sampler w/VSCC","31080","Los Angeles-Long Beach-Anaheim, CA","06","California","037","Los Angeles","33.9013890008739","-118.205"
"11/19/2025","AQS","060371302","1","9.1","ug/m3 LC","51","Compton","1","100.0000","88101","PM2.5 - Local Conditions","145","R & P Model 2025 PM-2.5 Sequential Air Sampler w/VSCC","31080","Los Angeles-Long Beach-Anaheim, CA","06","California","037","Los Angeles","33.9013890008739","-118.205"
"11/20/2025","AQS","060371302","1","8.4","ug/m3 LC","47","Compton","1","100.0000","88101","PM2.5 - Local Conditions","145","R & P Model 2025 PM-2.5 Sequential Air Sampler w/VSCC","31080","Los Angeles-Long Beach-Anaheim, CA","06","California","037","Los Angeles","33.9013890008739","-118.205"
"11/21/2025","AQS","060371302","1","4.5","ug/m3 LC","25","Compton","1","100.0000","88101","PM2.5 - Local Conditions","145","R & P Model 2025 PM-2.5 Sequential Air Sampler w/VSCC","31080","Los Angeles-Long Beach-Anaheim, CA","06","California","037","Los Angeles","33.9013890008739","-118.205"
"11/22/2025","AQS","060371302","1","15.6","ug/m3 LC","63","Compton","1","100.0000","88101","PM2.5 - Local Conditions","145","R & P Model 2025 PM-2.5 Sequential Air Sampler w/VSCC","31080","Los Angeles-Long Beach-Anaheim, CA","06","California","037","Los Angeles","33.9013890008739","-118.205"
"11/23/2025","AQS","060371302","1","17.8","ug/m3 LC","67","Compton","1","100.0000","88101","PM2.5 - Local Conditions","145","R & P Model 2025 PM-2.5 Sequential Air Sampler w/VSCC","31080","Los Angeles-Long Beach-Anaheim, CA","06","California","037","Los Angeles","33.9013890008739","-118.205"
"11/24/2025","AQS","060371302","1","18.1","ug/m3 LC","68","Compton","1","100.0000","88101","PM2.5 - Local Conditions","145","R & P Model 2025 PM-2.5 Sequential Air Sampler w/VSCC","31080","Los Angeles-Long Beach-Anaheim, CA","06","California","037","Los Angeles","33.9013890008739","-118.205"
"11/25/2025","AQS","060371302","1","16.4","ug/m3 LC","65","Compton","1","100.0000","88101","PM2.5 - Local Conditions","145","R & P Model 2025 PM-2.5 Sequential Air Sampler w/VSCC","31080","Los Angeles-Long Beach-Anaheim, CA","06","California","037","Los Angeles","33.9013890008739","-118.205"
"11/26/2025","AQS","060371302","1","9.1","ug/m3 LC","51","Compton","1","100.0000","88101","PM2.5 - Local Conditions","145","R & P Model 2025 PM-2.5 Sequential Air Sampler w/VSCC","31080","Los Angeles-Long Beach-Anaheim, CA","06","California","037","Los Angeles","33.9013890008739","-118.205"
"11/27/2025","AQS","060371302","1","15.5","ug/m3 LC","63","Compton","1","100.0000","88101","PM2.5 - Local Conditions","145","R & P Model 2025 PM-2.5 Sequential Air Sampler w/VSCC","31080","Los Angeles-Long Beach-Anaheim, CA","06","California","037","Los Angeles","33.9013890008739","-118.205"
"11/28/2025","AQS","060371302","1","19.7","ug/m3 LC","71","Compton","1","100.0000","88101","PM2.5 - Local Conditions","145","R & P Model 2025 PM-2.5 Sequential Air Sampler w/VSCC","31080","Los Angeles-Long Beach-Anaheim, CA","06","California","037","Los Angeles","33.9013890008739","-118.205"
"11/29/2025","AQS","060371302","1","26.9","ug/m3 LC","84","Compton","1","100.0000","88101","PM2.5 - Local Conditions","145","R & P Model 2025 PM-2.5 Sequential Air Sampler w/VSCC","31080","Los Angeles-Long Beach-Anaheim, CA","06","California","037","Los Angeles","33.9013890008739","-118.205"
"11/30/2025","AQS","060371302","1","34.9","ug/m3 LC","99","Compton","1","100.0000","88101","PM2.5 - Local Conditions","145","R & P Model 2025 PM-2.5 Sequential Air Sampler w/VSCC","31080","Los Angeles-Long Beach-Anaheim, CA","06","California","037","Los Angeles","33.9013890008739","-118.205"
"12/01/2025","AQS","060371302","1","27.3","ug/m3 LC","85","Compton","1","100.0000","88101","PM2.5 - Local Conditions","145","R & P Model 2025 PM-2.5 Sequential Air Sampler w/VSCC","31080","Los Angeles-Long Beach-Anaheim, CA","06","California","037","Los Angeles","33.9013890008739","-118.205"
"12/02/2025","AQS","060371302","1","18.5","ug/m3 LC","69","Compton","1","100.0000","88101","PM2.5 - Local Conditions","145","R & P Model 2025 PM-2.5 Sequential Air Sampler w/VSCC","31080","Los Angeles-Long Beach-Anaheim, CA","06","California","037","Los Angeles","33.9013890008739","-118.205"
"12/03/2025","AQS","060371302","1","16.1","ug/m3 LC","64","Compton","1","100.0000","88101","PM2.5 - Local Conditions","145","R & P Model 2025 PM-2.5 Sequential Air Sampler w/VSCC","31080","Los Angeles-Long Beach-Anaheim, CA","06","California","037","Los Angeles","33.9013890008739","-118.205"
"12/04/2025","AQS","060371302","1","8.1","ug/m3 LC","45","Compton","1","100.0000","88101","PM2.5 - Local Conditions","145","R & P Model 2025 PM-2.5 Sequential Air Sampler w/VSCC","31080","Los Angeles-Long Beach-Anaheim, CA","06","California","037","Los Angeles","33.9013890008739","-118.205"
"12/05/2025","AQS","060371302","1","11.1","ug/m3 LC","55","Compton","1","100.0000","88101","PM2.5 - Local Conditions","145","R & P Model 2025 PM-2.5 Sequential Air Sampler w/VSCC","31080","Los Angeles-Long Beach-Anaheim, CA","06","California","037","Los Angeles","33.9013890008739","-118.205"
"12/06/2025","AQS","060371302","1","25.4","ug/m3 LC","81","Compton","1","100.0000","88101","PM2.5 - Local Conditions","145","R & P Model 2025 PM-2.5 Sequential Air Sampler w/VSCC","31080","Los Angeles-Long Beach-Anaheim, CA","06","California","037","Los Angeles","33.9013890008739","-118.205"
"12/07/2025","AQS","060371302","1","28.1","ug/m3 LC","86","Compton","1","100.0000","88101","PM2.5 - Local Conditions","145","R & P Model 2025 PM-2.5 Sequential Air Sampler w/VSCC","31080","Los Angeles-Long Beach-Anaheim, CA","06","California","037","Los Angeles","33.9013890008739","-118.205"
"12/08/2025","AQS","060371302","1","18.7","ug/m3 LC","69","Compton","1","100.0000","88101","PM2.5 - Local Conditions","145","R & P Model 2025 PM-2.5 Sequential Air Sampler w/VSCC","31080","Los Angeles-Long Beach-Anaheim, CA","06","California","037","Los Angeles","33.9013890008739","-118.205"
"12/09/2025","AQS","060371302","1","9.6","ug/m3 LC","52","Compton","1","100.0000","88101","PM2.5 - Local Conditions","145","R & P Model 2025 PM-2.5 Sequential Air Sampler w/VSCC","31080","Los Angeles-Long Beach-Anaheim, CA","06","California","037","Los Angeles","33.9013890008739","-118.205"
"12/10/2025","AQS","060371302","1","14.3","ug/m3 LC","61","Compton","1","100.0000","88101","PM2.5 - Local Conditions","145","R & P Model 2025 PM-2.5 Sequential Air Sampler w/VSCC","31080","Los Angeles-Long Beach-Anaheim, CA","06","California","037","Los Angeles","33.9013890008739","-118.205"
"12/11/2025","AQS","060371302","1","18.7","ug/m3 LC","69","Compton","1","100.0000","88101","PM2.5 - Local Conditions","145","R & P Model 2025 PM-2.5 Sequential Air Sampler w/VSCC","31080","Los Angeles-Long Beach-Anaheim, CA","06","California","037","Los Angeles","33.9013890008739","-118.205"
"12/12/2025","AQS","060371302","1","30.9","ug/m3 LC","92","Compton","1","100.0000","88101","PM2.5 - Local Conditions","145","R & P Model 2025 PM-2.5 Sequential Air Sampler w/VSCC","31080","Los Angeles-Long Beach-Anaheim, CA","06","California","037","Los Angeles","33.9013890008739","-118.205"
"12/13/2025","AQS","060371302","1","56","ug/m3 LC","151","Compton","1","100.0000","88101","PM2.5 - Local Conditions","145","R & P Model 2025 PM-2.5 Sequential Air Sampler w/VSCC","31080","Los Angeles-Long Beach-Anaheim, CA","06","California","037","Los Angeles","33.9013890008739","-118.205"
"12/14/2025","AQS","060371302","1","26.7","ug/m3 LC","84","Compton","1","100.0000","88101","PM2.5 - Local Conditions","145","R & P Model 2025 PM-2.5 Sequential Air Sampler w/VSCC","31080","Los Angeles-Long Beach-Anaheim, CA","06","California","037","Los Angeles","33.9013890008739","-118.205"
"12/15/2025","AQS","060371302","1","24.7","ug/m3 LC","80","Compton","1","100.0000","88101","PM2.5 - Local Conditions","145","R & P Model 2025 PM-2.5 Sequential Air Sampler w/VSCC","31080","Los Angeles-Long Beach-Anaheim, CA","06","California","037","Los Angeles","33.9013890008739","-118.205"
"12/16/2025","AQS","060371302","1","33.4","ug/m3 LC","96","Compton","1","100.0000","88101","PM2.5 - Local Conditions","145","R & P Model 2025 PM-2.5 Sequential Air Sampler w/VSCC","31080","Los Angeles-Long Beach-Anaheim, CA","06","California","037","Los Angeles","33.9013890008739","-118.205"
"12/17/2025","AQS","060371302","1","55.8","ug/m3 LC","151","Compton","1","100.0000","88101","PM2.5 - Local Conditions","145","R & P Model 2025 PM-2.5 Sequential Air Sampler w/VSCC","31080","Los Angeles-Long Beach-Anaheim, CA","06","California","037","Los Angeles","33.9013890008739","-118.205"
"12/18/2025","AQS","060371302","1","51.9","ug/m3 LC","141","Compton","1","100.0000","88101","PM2.5 - Local Conditions","145","R & P Model 2025 PM-2.5 Sequential Air Sampler w/VSCC","31080","Los Angeles-Long Beach-Anaheim, CA","06","California","037","Los Angeles","33.9013890008739","-118.205"
"12/19/2025","AQS","060371302","1","31.2","ug/m3 LC","92","Compton","1","100.0000","88101","PM2.5 - Local Conditions","145","R & P Model 2025 PM-2.5 Sequential Air Sampler w/VSCC","31080","Los Angeles-Long Beach-Anaheim, CA","06","California","037","Los Angeles","33.9013890008739","-118.205"
"12/20/2025","AQS","060371302","1","24.2","ug/m3 LC","79","Compton","1","100.0000","88101","PM2.5 - Local Conditions","145","R & P Model 2025 PM-2.5 Sequential Air Sampler w/VSCC","31080","Los Angeles-Long Beach-Anaheim, CA","06","California","037","Los Angeles","33.9013890008739","-118.205"
"12/21/2025","AQS","060371302","1","37.9","ug/m3 LC","107","Compton","1","100.0000","88101","PM2.5 - Local Conditions","145","R & P Model 2025 PM-2.5 Sequential Air Sampler w/VSCC","31080","Los Angeles-Long Beach-Anaheim, CA","06","California","037","Los Angeles","33.9013890008739","-118.205"
"12/22/2025","AQS","060371302","1","37","ug/m3 LC","105","Compton","1","100.0000","88101","PM2.5 - Local Conditions","145","R & P Model 2025 PM-2.5 Sequential Air Sampler w/VSCC","31080","Los Angeles-Long Beach-Anaheim, CA","06","California","037","Los Angeles","33.9013890008739","-118.205"
"12/23/2025","AQS","060371302","1","16.9","ug/m3 LC","66","Compton","1","100.0000","88101","PM2.5 - Local Conditions","145","R & P Model 2025 PM-2.5 Sequential Air Sampler w/VSCC","31080","Los Angeles-Long Beach-Anaheim, CA","06","California","037","Los Angeles","33.9013890008739","-118.205"
"12/24/2025","AQS","060371302","1","12.2","ug/m3 LC","57","Compton","1","100.0000","88101","PM2.5 - Local Conditions","145","R & P Model 2025 PM-2.5 Sequential Air Sampler w/VSCC","31080","Los Angeles-Long Beach-Anaheim, CA","06","California","037","Los Angeles","33.9013890008739","-118.205"
"12/25/2025","AQS","060371302","1","4.1","ug/m3 LC","23","Compton","1","100.0000","88101","PM2.5 - Local Conditions","145","R & P Model 2025 PM-2.5 Sequential Air Sampler w/VSCC","31080","Los Angeles-Long Beach-Anaheim, CA","06","California","037","Los Angeles","33.9013890008739","-118.205"
"12/26/2025","AQS","060371302","1","4.5","ug/m3 LC","25","Compton","1","100.0000","88101","PM2.5 - Local Conditions","145","R & P Model 2025 PM-2.5 Sequential Air Sampler w/VSCC","31080","Los Angeles-Long Beach-Anaheim, CA","06","California","037","Los Angeles","33.9013890008739","-118.205"
"12/27/2025","AQS","060371302","1","17","ug/m3 LC","66","Compton","1","100.0000","88101","PM2.5 - Local Conditions","145","R & P Model 2025 PM-2.5 Sequential Air Sampler w/VSCC","31080","Los Angeles-Long Beach-Anaheim, CA","06","California","037","Los Angeles","33.9013890008739","-118.205"
"12/28/2025","AQS","060371302","1","17.7","ug/m3 LC","67","Compton","1","100.0000","88101","PM2.5 - Local Conditions","145","R & P Model 2025 PM-2.5 Sequential Air Sampler w/VSCC","31080","Los Angeles-Long Beach-Anaheim, CA","06","California","037","Los Angeles","33.9013890008739","-118.205"
"12/29/2025","AQS","060371302","1","9.3","ug/m3 LC","51","Compton","1","100.0000","88101","PM2.5 - Local Conditions","145","R & P Model 2025 PM-2.5 Sequential Air Sampler w/VSCC","31080","Los Angeles-Long Beach-Anaheim, CA","06","California","037","Los Angeles","33.9013890008739","-118.205"
"12/30/2025","AQS","060371302","1","4.6","ug/m3 LC","26","Compton","1","100.0000","88101","PM2.5 - Local Conditions","145","R & P Model 2025 PM-2.5 Sequential Air Sampler w/VSCC","31080","Los Angeles-Long Beach-Anaheim, CA","06","California","037","Los Angeles","33.9013890008739","-118.205"
"12/31/2025","AQS","060371302","1","8.9","ug/m3 LC","49","Compton","1","100.0000","88101","PM2.5 - Local Conditions","145","R & P Model 2025 PM-2.5 Sequential Air Sampler w/VSCC","31080","Los Angeles-Long Beach-Anaheim, CA","06","California","037","Los Angeles","33.9013890008739","-118.205"
"01/01/2025","AQS","060371302","3","50.8","ug/m3 LC","139","Compton","1","100.0000","88502","Acceptable PM2.5 AQI & Speciation Mass","731","Met-One BAM-1020 W/PM2.5 SCC","31080","Los Angeles-Long Beach-Anaheim, CA","06","California","037","Los Angeles","33.9013890008739","-118.205"
"01/02/2025","AQS","060371302","3","32.1","ug/m3 LC","94","Compton","1","100.0000","88502","Acceptable PM2.5 AQI & Speciation Mass","731","Met-One BAM-1020 W/PM2.5 SCC","31080","Los Angeles-Long Beach-Anaheim, CA","06","California","037","Los Angeles","33.9013890008739","-118.205"
"01/03/2025","AQS","060371302","3","22","ug/m3 LC","75","Compton","1","100.0000","88502","Acceptable PM2.5 AQI & Speciation Mass","731","Met-One BAM-1020 W/PM2.5 SCC","31080","Los Angeles-Long Beach-Anaheim, CA","06","California","037","Los Angeles","33.9013890008739","-118.205"
"01/04/2025","AQS","060371302","3","25.2","ug/m3 LC","81","Compton","1","100.0000","88502","Acceptable PM2.5 AQI & Speciation Mass","731","Met-One BAM-1020 W/PM2.5 SCC","31080","Los Angeles-Long Beach-Anaheim, CA","06","California","037","Los Angeles","33.9013890008739","-118.205"
"01/05/2025","AQS","060371302","3","23.7","ug/m3 LC","78","Compton","1","100.0000","88502","Acceptable PM2.5 AQI & Speciation Mass","731","Met-One BAM-1020 W/PM2.5 SCC","31080","Los Angeles-Long Beach-Anaheim, CA","06","California","037","Los Angeles","33.9013890008739","-118.205"
"01/06/2025","AQS","060371302","3","18.6","ug/m3 LC","69","Compton","1","100.0000","88502","Acceptable PM2.5 AQI & Speciation Mass","731","Met-One BAM-1020 W/PM2.5 SCC","31080","Los Angeles-Long Beach-Anaheim, CA","06","California","037","Los Angeles","33.9013890008739","-118.205"
"01/07/2025","AQS","060371302","3","9.3","ug/m3 LC","51","Compton","1","100.0000","88502","Acceptable PM2.5 AQI & Speciation Mass","731","Met-One BAM-1020 W/PM2.5 SCC","31080","Los Angeles-Long Beach-Anaheim, CA","06","California","037","Los Angeles","33.9013890008739","-118.205"
"01/08/2025","AQS","060371302","3","48.7","ug/m3 LC","134","Compton","1","100.0000","88502","Acceptable PM2.5 AQI & Speciation Mass","731","Met-One BAM-1020 W/PM2.5 SCC","31080","Los Angeles-Long Beach-Anaheim, CA","06","California","037","Los Angeles","33.9013890008739","-118.205"
"01/09/2025","AQS","060371302","3","51.6","ug/m3 LC","141","Compton","1","100.0000","88502","Acceptable PM2.5 AQI & Speciation Mass","731","Met-One BAM-1020 W/PM2.5 SCC","31080","Los Angeles-Long Beach-Anaheim, CA","06","California","037","Los Angeles","33.9013890008739","-118.205"
"01/10/2025","AQS","060371302","3","47.7","ug/m3 LC","131","Compton","1","100.0000","88502","Acceptable PM2.5 AQI & Speciation Mass","731","Met-One BAM-1020 W/PM2.5 SCC","31080","Los Angeles-Long Beach-Anaheim, CA","06","California","037","Los Angeles","33.9013890008739","-118.205"
"01/11/2025","AQS","060371302","3","29.1","ug/m3 LC","88","Compton","1","100.0000","88502","Acceptable PM2.5 AQI & Speciation Mass","731","Met-One BAM-1020 W/PM2.5 SCC","31080","Los Angeles-Long Beach-Anaheim, CA","06","California","037","Los Angeles","33.9013890008739","-118.205"
"01/12/2025","AQS","060371302","3","26.1","ug/m3 LC","83","Compton","1","100.0000","88502","Acceptable PM2.5 AQI & Speciation Mass","731","Met-One BAM-1020 W/PM2.5 SCC","31080","Los Angeles-Long Beach-Anaheim, CA","06","California","037","Los Angeles","33.9013890008739","-118.205"
"01/13/2025","AQS","060371302","3","12.3","ug/m3 LC","57","Compton","1","100.0000","88502","Acceptable PM2.5 AQI & Speciation Mass","731","Met-One BAM-1020 W/PM2.5 SCC","31080","Los Angeles-Long Beach-Anaheim, CA","06","California","037","Los Angeles","33.9013890008739","-118.205"
"01/14/2025","AQS","060371302","3","13.2","ug/m3 LC","59","Compton","1","100.0000","88502","Acceptable PM2.5 AQI & Speciation Mass","731","Met-One BAM-1020 W/PM2.5 SCC","31080","Los Angeles-Long Beach-Anaheim, CA","06","California","037","Los Angeles","33.9013890008739","-118.205"
"01/15/2025","AQS","060371302","3","14.2","ug/m3 LC","61","Compton","1","100.0000","88502","Acceptable PM2.5 AQI & Speciation Mass","731","Met-One BAM-1020 W/PM2.5 SCC","31080","Los Angeles-Long Beach-Anaheim, CA","06","California","037","Los Angeles","33.9013890008739","-118.205"
"01/16/2025","AQS","060371302","3","12.5","ug/m3 LC","57","Compton","1","100.0000","88502","Acceptable PM2.5 AQI & Speciation Mass","731","Met-One BAM-1020 W/PM2.5 SCC","31080","Los Angeles-Long Beach-Anaheim, CA","06","California","037","Los Angeles","33.9013890008739","-118.205"
"01/17/2025","AQS","060371302","3","12.7","ug/m3 LC","58","Compton","1","100.0000","88502","Acceptable PM2.5 AQI & Speciation Mass","731","Met-One BAM-1020 W/PM2.5 SCC","31080","Los Angeles-Long Beach-Anaheim, CA","06","California","037","Los Angeles","33.9013890008739","-118.205"
"01/18/2025","AQS","060371302","3","21.1","ug/m3 LC","73","Compton","1","100.0000","88502","Acceptable PM2.5 AQI & Speciation Mass","731","Met-One BAM-1020 W/PM2.5 SCC","31080","Los Angeles-Long Beach-Anaheim, CA","06","California","037","Los Angeles","33.9013890008739","-118.205"
"01/19/2025","AQS","060371302","3","27.6","ug/m3 LC","85","Compton","1","100.0000","88502","Acceptable PM2.5 AQI & Speciation Mass","731","Met-One BAM-1020 W/PM2.5 SCC","31080","Los Angeles-Long Beach-Anaheim, CA","06","California","037","Los Angeles","33.9013890008739","-118.205"
"01/20/2025","AQS","060371302","3","14.3","ug/m3 LC","61","Compton","1","100.0000","88502","Acceptable PM2.5 AQI & Speciation Mass","731","Met-One BAM-1020 W/PM2.5 SCC","31080","Los Angeles-Long Beach-Anaheim, CA","06","California","037","Los Angeles","33.9013890008739","-118.205"
"01/21/2025","AQS","060371302","3","12.6","ug/m3 LC","58","Compton","1","100.0000","88502","Acceptable PM2.5 AQI & Speciation Mass","731","Met-One BAM-1020 W/PM2.5 SCC","31080","Los Angeles-Long Beach-Anaheim, CA","06","California","037","Los Angeles","33.9013890008739","-118.205"
"01/22/2025","AQS","060371302","3","12.9","ug/m3 LC","58","Compton","1","100.0000","88502","Acceptable PM2.5 AQI & Speciation Mass","731","Met-One BAM-1020 W/PM2.5 SCC","31080","Los Angeles-Long Beach-Anaheim, CA","06","California","037","Los Angeles","33.9013890008739","-118.205"
"01/23/2025","AQS","060371302","3","19.2","ug/m3 LC","70","Compton","1","100.0000","88502","Acceptable PM2.5 AQI & Speciation Mass","731","Met-One BAM-1020 W/PM2.5 SCC","31080","Los Angeles-Long Beach-Anaheim, CA","06","California","037","Los Angeles","33.9013890008739","-118.205"
"01/24/2025","AQS","060371302","3","8.8","ug/m3 LC","49","Compton","1","100.0000","88502","Acceptable PM2.5 AQI & Speciation Mass","731","Met-One BAM-1020 W/PM2.5 SCC","31080","Los Angeles-Long Beach-Anaheim, CA","06","California","037","Los Angeles","33.9013890008739","-118.205"
"01/25/2025","AQS","060371302","3","13","ug/m3 LC","58","Compton","1","100.0000","88502","Acceptable PM2.5 AQI & Speciation Mass","731","Met-One BAM-1020 W/PM2.5 SCC","31080","Los Angeles-Long Beach-Anaheim, CA","06","California","037","Los Angeles","33.9013890008739","-118.205"
"01/26/2025","AQS","060371302","3","5.1","ug/m3 LC","28","Compton","1","100.0000","88502","Acceptable PM2.5 AQI & Speciation Mass","731","Met-One BAM-1020 W/PM2.5 SCC","31080","Los Angeles-Long Beach-Anaheim, CA","06","California","037","Los Angeles","33.9013890008739","-118.205"
"01/27/2025","AQS","060371302","3","6.4","ug/m3 LC","36","Compton","1","100.0000","88502","Acceptable PM2.5 AQI & Speciation Mass","731","Met-One BAM-1020 W/PM2.5 SCC","31080","Los Angeles-Long Beach-Anaheim, CA","06","California","037","Los Angeles","33.9013890008739","-118.205"
"01/28/2025","AQS","060371302","3","12.5","ug/m3 LC","57","Compton","1","100.0000","88502","Acceptable PM2.5 AQI & Speciation Mass","731","Met-One BAM-1020 W/PM2.5 SCC","31080","Los Angeles-Long Beach-Anaheim, CA","06","California","037","Los Angeles","33.9013890008739","-118.205"
"01/29/2025","AQS","060371302","3","12.6","ug/m3 LC","58","Compton","1","100.0000","88502","Acceptable PM2.5 AQI & Speciation Mass","731","Met-One BAM-1020 W/PM2.5 SCC","31080","Los Angeles-Long Beach-Anaheim, CA","06","California","037","Los Angeles","33.9013890008739","-118.205"
"01/30/2025","AQS","060371302","3","14.2","ug/m3 LC","61","Compton","1","100.0000","88502","Acceptable PM2.5 AQI & Speciation Mass","731","Met-One BAM-1020 W/PM2.5 SCC","31080","Los Angeles-Long Beach-Anaheim, CA","06","California","037","Los Angeles","33.9013890008739","-118.205"
"01/31/2025","AQS","060371302","3","17.5","ug/m3 LC","67","Compton","1","100.0000","88502","Acceptable PM2.5 AQI & Speciation Mass","731","Met-One BAM-1020 W/PM2.5 SCC","31080","Los Angeles-Long Beach-Anaheim, CA","06","California","037","Los Angeles","33.9013890008739","-118.205"
"02/01/2025","AQS","060371302","3","18.9","ug/m3 LC","69","Compton","1","100.0000","88502","Acceptable PM2.5 AQI & Speciation Mass","731","Met-One BAM-1020 W/PM2.5 SCC","31080","Los Angeles-Long Beach-Anaheim, CA","06","California","037","Los Angeles","33.9013890008739","-118.205"
"02/02/2025","AQS","060371302","3","24.1","ug/m3 LC","79","Compton","1","100.0000","88502","Acceptable PM2.5 AQI & Speciation Mass","731","Met-One BAM-1020 W/PM2.5 SCC","31080","Los Angeles-Long Beach-Anaheim, CA","06","California","037","Los Angeles","33.9013890008739","-118.205"
"02/03/2025","AQS","060371302","3","11.5","ug/m3 LC","55","Compton","1","100.0000","88502","Acceptable PM2.5 AQI & Speciation Mass","731","Met-One BAM-1020 W/PM2.5 SCC","31080","Los Angeles-Long Beach-Anaheim, CA","06","California","037","Los Angeles","33.9013890008739","-118.205"
"02/04/2025","AQS","060371302","3","5.8","ug/m3 LC","32","Compton","1","100.0000","88502","Acceptable PM2.5 AQI & Speciation Mass","731","Met-One BAM-1020 W/PM2.5 SCC","31080","Los Angeles-Long Beach-Anaheim, CA","06","California","037","Los Angeles","33.9013890008739","-118.205"
"02/05/2025","AQS","060371302","3","3.4","ug/m3 LC","19","Compton","1","100.0000","88502","Acceptable PM2.5 AQI & Speciation Mass","731","Met-One BAM-1020 W/PM2.5 SCC","31080","Los Angeles-Long Beach-Anaheim, CA","06","California","037","Los Angeles","33.9013890008739","-118.205"
"02/06/2025","AQS","060371302","3","0","ug/m3 LC","0","Compton","1","100.0000","88502","Acceptable PM2.5 AQI & Speciation Mass","731","Met-One BAM-1020 W/PM2.5 SCC","31080","Los Angeles-Long Beach-Anaheim, CA","06","California","037","Los Angeles","33.9013890008739","-118.205"
"02/07/2025","AQS","060371302","3","1.3","ug/m3 LC","7","Compton","1","100.0000","88502","Acceptable PM2.5 AQI & Speciation Mass","731","Met-One BAM-1020 W/PM2.5 SCC","31080","Los Angeles-Long Beach-Anaheim, CA","06","California","037","Los Angeles","33.9013890008739","-118.205"
"02/08/2025","AQS","060371302","3","10.6","ug/m3 LC","54","Compton","1","100.0000","88502","Acceptable PM2.5 AQI & Speciation Mass","731","Met-One BAM-1020 W/PM2.5 SCC","31080","Los Angeles-Long Beach-Anaheim, CA","06","California","037","Los Angeles","33.9013890008739","-118.205"
"02/09/2025","AQS","060371302","3","16.2","ug/m3 LC","64","Compton","1","100.0000","88502","Acceptable PM2.5 AQI & Speciation Mass","731","Met-One BAM-1020 W/PM2.5 SCC","31080","Los Angeles-Long Beach-Anaheim, CA","06","California","037","Los Angeles","33.9013890008739","-118.205"
"02/10/2025","AQS","060371302","3","10.4","ug/m3 LC","53","Compton","1","100.0000","88502","Acceptable PM2.5 AQI & Speciation Mass","731","Met-One BAM-1020 W/PM2.5 SCC","31080","Los Angeles-Long Beach-Anaheim, CA","06","California","037","Los Angeles","33.9013890008739","-118.205"
"02/11/2025","AQS","060371302","3","5.8","ug/m3 LC","32","Compton","1","100.0000","88502","Acceptable PM2.5 AQI & Speciation Mass","731","Met-One BAM-1020 W/PM2.5 SCC","31080","Los Angeles-Long Beach-Anaheim, CA","06","California","037","Los Angeles","33.9013890008739","-118.205"
"02/12/2025","AQS","060371302","3","3.7","ug/m3 LC","21","Compton","1","100.0000","88502","Acceptable PM2.5 AQI & Speciation Mass","731","Met-One BAM-1020 W/PM2.5 SCC","31080","Los Angeles-Long Beach-Anaheim, CA","06","California","037","Los Angeles","33.9013890008739","-118.205"
"02/13/2025","AQS","060371302","3","0.3","ug/m3 LC","2","Compton","1","100.0000","88502","Acceptable PM2.5 AQI & Speciation Mass","731","Met-One BAM-1020 W/PM2.5 SCC","31080","Los Angeles-Long Beach-Anaheim, CA","06","California","037","Los Angeles","33.9013890008739","-118.205"
"02/14/2025","AQS","060371302","3","5.4","ug/m3 LC","30","Compton","1","100.0000","88502","Acceptable PM2.5 AQI & Speciation Mass","731","Met-One BAM-1020 W/PM2.5 SCC","31080","Los Angeles-Long Beach-Anaheim, CA","06","California","037","Los Angeles","33.9013890008739","-118.205"
"02/15/2025","AQS","060371302","3","11.3","ug/m3 LC","55","Compton","1","100.0000","88502","Acceptable PM2.5 AQI & Speciation Mass","731","Met-One BAM-1020 W/PM2.5 SCC","31080","Los Angeles-Long Beach-Anaheim, CA","06","California","037","Los Angeles","33.9013890008739","-118.205"
"02/16/2025","AQS","060371302","3","16.3","ug/m3 LC","64","Compton","1","100.0000","88502","Acceptable PM2.5 AQI & Speciation Mass","731","Met-One BAM-1020 W/PM2.5 SCC","31080","Los Angeles-Long Beach-Anaheim, CA","06","California","037","Los Angeles","33.9013890008739","-118.205"
"02/17/2025","AQS","060371302","3","13.7","ug/m3 LC","60","Compton","1","100.0000","88502","Acceptable PM2.5 AQI & Speciation Mass","731","Met-One BAM-1020 W/PM2.5 SCC","31080","Los Angeles-Long Beach-Anaheim, CA","06","California","037","Los Angeles","33.9013890008739","-118.205"
"02/18/2025","AQS","060371302","3","8.2","ug/m3 LC","46","Compton","1","100.0000","88502","Acceptable PM2.5 AQI & Speciation Mass","731","Met-One BAM-1020 W/PM2.5 SCC","31080","Los Angeles-Long Beach-Anaheim, CA","06","California","037","Los Angeles","33.9013890008739","-118.205"
"02/19/2025","AQS","060371302","3","17.2","ug/m3 LC","66","Compton","1","100.0000","88502","Acceptable PM2.5 AQI & Speciation Mass","731","Met-One BAM-1020 W/PM2.5 SCC","31080","Los Angeles-Long Beach-Anaheim, CA","06","California","037","Los Angeles","33.9013890008739","-118.205"
"02/20/2025","AQS","060371302","3","13.1","ug/m3 LC","58","Compton","1","100.0000","88502","Acceptable PM2.5 AQI & Speciation Mass","731","Met-One BAM-1020 W/PM2.5 SCC","31080","Los Angeles-Long Beach-Anaheim, CA","06","California","037","Los Angeles","33.9013890008739","-118.205"
"02/21/2025","AQS","060371302","3","16","ug/m3 LC","64","Compton","1","100.0000","88502","Acceptable PM2.5 AQI & Speciation Mass","731","Met-One BAM-1020 W/PM2.5 SCC","31080","Los Angeles-Long Beach-Anaheim, CA","06","California","037","Los Angeles","33.9013890008739","-118.205"
"02/22/2025","AQS","060371302","3","17.7","ug/m3 LC","67","Compton","1","100.0000","88502","Acceptable PM2.5 AQI & Speciation Mass","731","Met-One BAM-1020 W/PM2.5 SCC","31080","Los Angeles-Long Beach-Anaheim, CA","06","California","037","Los Angeles","33.9013890008739","-118.205"
"02/23/2025","AQS","060371302","3","24.2","ug/m3 LC","79","Compton","1","100.0000","88502","Acceptable PM2.5 AQI & Speciation Mass","731","Met-One BAM-1020 W/PM2.5 SCC","31080","Los Angeles-Long Beach-Anaheim, CA","06","California","037","Los Angeles","33.9013890008739","-118.205"
"02/24/2025","AQS","060371302","3","19.8","ug/m3 LC","71","Compton","1","100.0000","88502","Acceptable PM2.5 AQI & Speciation Mass","731","Met-One BAM-1020 W/PM2.5 SCC","31080","Los Angeles-Long Beach-Anaheim, CA","06","California","037","Los Angeles","33.9013890008739","-118.205"
"02/25/2025","AQS","060371302","3","9","ug/m3 LC","50","Compton","1","100.0000","88502","Acceptable PM2.5 AQI & Speciation Mass","731","Met-One BAM-1020 W/PM2.5 SCC","31080","Los Angeles-Long Beach-Anaheim, CA","06","California","037","Los Angeles","33.9013890008739","-118.205"
"02/26/2025","AQS","060371302","3","17.2","ug/m3 LC","66","Compton","1","100.0000","88502","Acceptable PM2.5 AQI & Speciation Mass","731","Met-One BAM-1020 W/PM2.5 SCC","31080","Los Angeles-Long Beach-Anaheim, CA","06","California","037","Los Angeles","33.9013890008739","-118.205"
"02/27/2025","AQS","060371302","3","13.2","ug/m3 LC","59","Compton","1","100.0000","88502","Acceptable PM2.5 AQI & Speciation Mass","731","Met-One BAM-1020 W/PM2.5 SCC","31080","Los Angeles-Long Beach-Anaheim, CA","06","California","037","Los Angeles","33.9013890008739","-118.205"
"02/28/2025","AQS","060371302","3","8.5","ug/m3 LC","47","Compton","1","100.0000","88502","Acceptable PM2.5 AQI & Speciation Mass","731","Met-One BAM-1020 W/PM2.5 SCC","31080","Los Angeles-Long Beach-Anaheim, CA","06","California","037","Los Angeles","33.9013890008739","-118.205"
"03/01/2025","AQS","060371302","3","6","ug/m3 LC","33","Compton","1","100.0000","88502","Acceptable PM2.5 AQI & Speciation Mass","731","Met-One BAM-1020 W/PM2.5 SCC","31080","Los Angeles-Long Beach-Anaheim, CA","06","California","037","Los Angeles","33.9013890008739","-118.205"
"03/02/2025","AQS","060371302","3","5.7","ug/m3 LC","32","Compton","1","100.0000","88502","Acceptable PM2.5 AQI & Speciation Mass","731","Met-One BAM-1020 W/PM2.5 SCC","31080","Los Angeles-Long Beach-Anaheim, CA","06","California","037","Los Angeles","33.9013890008739","-118.205"
"03/03/2025","AQS","060371302","3","4.9","ug/m3 LC","27","Compton","1","100.0000","88502","Acceptable PM2.5 AQI & Speciation Mass","731","Met-One BAM-1020 W/PM2.5 SCC","31080","Los Angeles-Long Beach-Anaheim, CA","06","California","037","Los Angeles","33.9013890008739","-118.205"
"03/04/2025","AQS","060371302","3","5.7","ug/m3 LC","32","Compton","1","100.0000","88502","Acceptable PM2.5 AQI & Speciation Mass","731","Met-One BAM-1020 W/PM2.5 SCC","31080","Los Angeles-Long Beach-Anaheim, CA","06","California","037","Los Angeles","33.9013890008739","-118.205"
"03/05/2025","AQS","060371302","3","6.9","ug/m3 LC","38","Compton","1","100.0000","88502","Acceptable PM2.5 AQI & Speciation Mass","731","Met-One BAM-1020 W/PM2.5 SCC","31080","Los Angeles-Long Beach-Anaheim, CA","06","California","037","Los Angeles","33.9013890008739","-118.205"
"03/06/2025","AQS","060371302","3","3.1","ug/m3 LC","17","Compton","1","100.0000","88502","Acceptable PM2.5 AQI & Speciation Mass","731","Met-One BAM-1020 W/PM2.5 SCC","31080","Los Angeles-Long Beach-Anaheim, CA","06","California","037","Los Angeles","33.9013890008739","-118.205"
"03/07/2025","AirNow","060371302","3","4.7","ug/m3 LC","26","Compton","1","100.0000","88101","PM2.5 - Local Conditions","","","31080","Los Angeles-Long Beach-Anaheim, CA","06","California","037","Los Angeles","33.9013890008739","-118.205"
"03/08/2025","AirNow","060371302","3","2.6","ug/m3 LC","14","Compton","1","100.0000","88101","PM2.5 - Local Conditions","","","31080","Los Angeles-Long Beach-Anaheim, CA","06","California","037","Los Angeles","33.9013890008739","-118.205"
"03/09/2025","AirNow","060371302","3","2.1","ug/m3 LC","12","Compton","1","100.0000","88101","PM2.5 - Local Conditions","","","31080","Los Angeles-Long Beach-Anaheim, CA","06","California","037","Los Angeles","33.9013890008739","-118.205"
"03/10/2025","AirNow","060371302","3","2.5","ug/m3 LC","14","Compton","1","100.0000","88101","PM2.5 - Local Conditions","","","31080","Los Angeles-Long Beach-Anaheim, CA","06","California","037","Los Angeles","33.9013890008739","-118.205"
"03/11/2025","AirNow","060371302","3","4.5","ug/m3 LC","25","Compton","1","100.0000","88101","PM2.5 - Local Conditions","","","31080","Los Angeles-Long Beach-Anaheim, CA","06","California","037","Los Angeles","33.9013890008739","-118.205"
"03/12/2025","AQS","060371302","3","3.9","ug/m3 LC","22","Compton","1","100.0000","88502","Acceptable PM2.5 AQI & Speciation Mass","731","Met-One BAM-1020 W/PM2.5 SCC","31080","Los Angeles-Long Beach-Anaheim, CA","06","California","037","Los Angeles","33.9013890008739","-118.205"
"03/13/2025","AQS","060371302","3","3.3","ug/m3 LC","18","Compton","1","100.0000","88502","Acceptable PM2.5 AQI & Speciation Mass","731","Met-One BAM-1020 W/PM2.5 SCC","31080","Los Angeles-Long Beach-Anaheim, CA","06","California","037","Los Angeles","33.9013890008739","-118.205"
"03/14/2025","AQS","060371302","3","6.4","ug/m3 LC","36","Compton","1","100.0000","88502","Acceptable PM2.5 AQI & Speciation Mass","731","Met-One BAM-1020 W/PM2.5 SCC","31080","Los Angeles-Long Beach-Anaheim, CA","06","California","037","Los Angeles","33.9013890008739","-118.205"
"03/15/2025","AQS","060371302","3","11.6","ug/m3 LC","56","Compton","1","100.0000","88502","Acceptable PM2.5 AQI & Speciation Mass","731","Met-One BAM-1020 W/PM2.5 SCC","31080","Los Angeles-Long Beach-Anaheim, CA","06","California","037","Los Angeles","33.9013890008739","-118.205"
"03/16/2025","AQS","060371302","3","12.7","ug/m3 LC","58","Compton","1","100.0000","88502","Acceptable PM2.5 AQI & Speciation Mass","731","Met-One BAM-1020 W/PM2.5 SCC","31080","Los Angeles-Long Beach-Anaheim, CA","06","California","037","Los Angeles","33.9013890008739","-118.205"
"03/17/2025","AQS","060371302","3","10","ug/m3 LC","53","Compton","1","100.0000","88502","Acceptable PM2.5 AQI & Speciation Mass","731","Met-One BAM-1020 W/PM2.5 SCC","31080","Los Angeles-Long Beach-Anaheim, CA","06","California","037","Los Angeles","33.9013890008739","-118.205"
"03/18/2025","AQS","060371302","3","6.4","ug/m3 LC","36","Compton","1","100.0000","88502","Acceptable PM2.5 AQI & Speciation Mass","731","Met-One BAM-1020 W/PM2.5 SCC","31080","Los Angeles-Long Beach-Anaheim, CA","06","California","037","Los Angeles","33.9013890008739","-118.205"
"03/19/2025","AQS","060371302","3","7.3","ug/m3 LC","41","Compton","1","100.0000","88502","Acceptable PM2.5 AQI & Speciation Mass","731","Met-One BAM-1020 W/PM2.5 SCC","31080","Los Angeles-Long Beach-Anaheim, CA","06","California","037","Los Angeles","33.9013890008739","-118.205"
"03/20/2025","AQS","060371302","3","12.3","ug/m3 LC","57","Compton","1","100.0000","88502","Acceptable PM2.5 AQI & Speciation Mass","731","Met-One BAM-1020 W/PM2.5 SCC","31080","Los Angeles-Long Beach-Anaheim, CA","06","California","037","Los Angeles","33.9013890008739","-118.205"
"03/21/2025","AQS","060371302","3","12.7","ug/m3 LC","58","Compton","1","100.0000","88502","Acceptable PM2.5 AQI & Speciation Mass","731","Met-One BAM-1020 W/PM2.5 SCC","31080","Los Angeles-Long Beach-Anaheim, CA","06","California","037","Los Angeles","33.9013890008739","-118.205"
"03/22/2025","AQS","060371302","3","12.7","ug/m3 LC","58","Compton","1","100.0000","88502","Acceptable PM2.5 AQI & Speciation Mass","731","Met-One BAM-1020 W/PM2.5 SCC","31080","Los Angeles-Long Beach-Anaheim, CA","06","California","037","Los Angeles","33.9013890008739","-118.205"
"03/23/2025","AQS","060371302","3","13.6","ug/m3 LC","59","Compton","1","100.0000","88502","Acceptable PM2.5 AQI & Speciation Mass","731","Met-One BAM-1020 W/PM2.5 SCC","31080","Los Angeles-Long Beach-Anaheim, CA","06","California","037","Los Angeles","33.9013890008739","-118.205"
"03/24/2025","AQS","060371302","3","13.8","ug/m3 LC","60","Compton","1","100.0000","88502","Acceptable PM2.5 AQI & Speciation Mass","731","Met-One BAM-1020 W/PM2.5 SCC","31080","Los Angeles-Long Beach-Anaheim, CA","06","California","037","Los Angeles","33.9013890008739","-118.205"
"03/25/2025","AQS","060371302","3","13.5","ug/m3 LC","59","Compton","1","100.0000","88502","Acceptable PM2.5 AQI & Speciation Mass","731","Met-One BAM-1020 W/PM2.5 SCC","31080","Los Angeles-Long Beach-Anaheim, CA","06","California","037","Los Angeles","33.9013890008739","-118.205"
"03/26/2025","AQS","060371302","3","7.8","ug/m3 LC","43","Compton","1","100.0000","88502","Acceptable PM2.5 AQI & Speciation Mass","731","Met-One BAM-1020 W/PM2.5 SCC","31080","Los Angeles-Long Beach-Anaheim, CA","06","California","037","Los Angeles","33.9013890008739","-118.205"
"03/27/2025","AQS","060371302","3","3.2","ug/m3 LC","18","Compton","1","100.0000","88502","Acceptable PM2.5 AQI & Speciation Mass","731","Met-One BAM-1020 W/PM2.5 SCC","31080","Los Angeles-Long Beach-Anaheim, CA","06","California","037","Los Angeles","33.9013890008739","-118.205"
"03/28/2025","AQS","060371302","3","7.7","ug/m3 LC","43","Compton","1","100.0000","88502","Acceptable PM2.5 AQI & Speciation Mass","731","Met-One BAM-1020 W/PM2.5 SCC","31080","Los Angeles-Long Beach-Anaheim, CA","06","California","037","Los Angeles","33.9013890008739","-118.205"
"03/29/2025","AQS","060371302","3","8","ug/m3 LC","44","Compton","1","100.0000","88502","Acceptable PM2.5 AQI & Speciation Mass","731","Met-One BAM-1020 W/PM2.5 SCC","31080","Los Angeles-Long Beach-Anaheim, CA","06","California","037","Los Angeles","33.9013890008739","-118.205"
"03/30/2025","AQS","060371302","3","5.5","ug/m3 LC","31","Compton","1","100.0000","88502","Acceptable PM2.5 AQI & Speciation Mass","731","Met-One BAM-1020 W/PM2.5 SCC","31080","Los Angeles-Long Beach-Anaheim, CA","06","California","037","Los Angeles","33.9013890008739","-118.205"
"03/31/2025","AQS","060371302","3","3.1","ug/m3 LC","17","Compton","1","100.0000","88502","Acceptable PM2.5 AQI & Speciation Mass","731","Met-One BAM-1020 W/PM2.5 SCC","31080","Los Angeles-Long Beach-Anaheim, CA","06","California","037","Los Angeles","33.9013890008739","-118.205"
"04/01/2025","AQS","060371302","3","6.4","ug/m3 LC","36","Compton","1","100.0000","88502","Acceptable PM2.5 AQI & Speciation Mass","731","Met-One BAM-1020 W/PM2.5 SCC","31080","Los Angeles-Long Beach-Anaheim, CA","06","California","037","Los Angeles","33.9013890008739","-118.205"
"04/02/2025","AQS","060371302","3","6.4","ug/m3 LC","36","Compton","1","100.0000","88502","Acceptable PM2.5 AQI & Speciation Mass","731","Met-One BAM-1020 W/PM2.5 SCC","31080","Los Angeles-Long Beach-Anaheim, CA","06","California","037","Los Angeles","33.9013890008739","-118.205"
"04/03/2025","AQS","060371302","3","8.5","ug/m3 LC","47","Compton","1","100.0000","88502","Acceptable PM2.5 AQI & Speciation Mass","731","Met-One BAM-1020 W/PM2.5 SCC","31080","Los Angeles-Long Beach-Anaheim, CA","06","California","037","Los Angeles","33.9013890008739","-118.205"
"04/04/2025","AQS","060371302","3","9.8","ug/m3 LC","52","Compton","1","100.0000","88502","Acceptable PM2.5 AQI & Speciation Mass","731","Met-One BAM-1020 W/PM2.5 SCC","31080","Los Angeles-Long Beach-Anaheim, CA","06","California","037","Los Angeles","33.9013890008739","-118.205"
"04/05/2025","AQS","060371302","3","9.2","ug/m3 LC","51","Compton","1","100.0000","88502","Acceptable PM2.5 AQI & Speciation Mass","731","Met-One BAM-1020 W/PM2.5 SCC","31080","Los Angeles-Long Beach-Anaheim, CA","06","California","037","Los Angeles","33.9013890008739","-118.205"
"04/06/2025","AQS","060371302","3","10.7","ug/m3 LC","54","Compton","1","100.0000","88502","Acceptable PM2.5 AQI & Speciation Mass","731","Met-One BAM-1020 W/PM2.5 SCC","31080","Los Angeles-Long Beach-Anaheim, CA","06","California","037","Los Angeles","33.9013890008739","-118.205"
"04/07/2025","AQS","060371302","3","9.6","ug/m3 LC","52","Compton","1","100.0000","88502","Acceptable PM2.5 AQI & Speciation Mass","731","Met-One BAM-1020 W/PM2.5 SCC","31080","Los Angeles-Long Beach-Anaheim, CA","06","California","037","Los Angeles","33.9013890008739","-118.205"
"04/08/2025","AQS","060371302","3","12","ug/m3 LC","56","Compton","1","100.0000","88502","Acceptable PM2.5 AQI & Speciation Mass","731","Met-One BAM-1020 W/PM2.5 SCC","31080","Los Angeles-Long Beach-Anaheim, CA","06","California","037","Los Angeles","33.9013890008739","-118.205"
"04/09/2025","AQS","060371302","3","14.8","ug/m3 LC","62","Compton","1","100.0000","88502","Acceptable PM2.5 AQI & Speciation Mass","731","Met-One BAM-1020 W/PM2.5 SCC","31080","Los Angeles-Long Beach-Anaheim, CA","06","California","037","Los Angeles","33.9013890008739","-118.205"
"04/10/2025","AQS","060371302","3","12.9","ug/m3 LC","58","Compton","1","100.0000","88502","Acceptable PM2.5 AQI & Speciation Mass","731","Met-One BAM-1020 W/PM2.5 SCC","31080","Los Angeles-Long Beach-Anaheim, CA","06","California","037","Los Angeles","33.9013890008739","-118.205"
"04/11/2025","AQS","060371302","3","12.1","ug/m3 LC","57","Compton","1","100.0000","88502","Acceptable PM2.5 AQI & Speciation Mass","731","Met-One BAM-1020 W/PM2.5 SCC","31080","Los Angeles-Long Beach-Anaheim, CA","06","California","037","Los Angeles","33.9013890008739","-118.205"
"04/12/2025","AQS","060371302","3","12.7","ug/m3 LC","58","Compton","1","100.0000","88502","Acceptable PM2.5 AQI & Speciation Mass","731","Met-One BAM-1020 W/PM2.5 SCC","31080","Los Angeles-Long Beach-Anaheim, CA","06","California","037","Los Angeles","33.9013890008739","-118.205"
"04/13/2025","AQS","060371302","3","14.5","ug/m3 LC","61","Compton","1","100.0000","88502","Acceptable PM2.5 AQI & Speciation Mass","731","Met-One BAM-1020 W/PM2.5 SCC","31080","Los Angeles-Long Beach-Anaheim, CA","06","California","037","Los Angeles","33.9013890008739","-118.205"
"04/14/2025","AQS","060371302","3","14","ug/m3 LC","60","Compton","1","100.0000","88502","Acceptable PM2.5 AQI & Speciation Mass","731","Met-One BAM-1020 W/PM2.5 SCC","31080","Los Angeles-Long Beach-Anaheim, CA","06","California","037","Los Angeles","33.9013890008739","-118.205"
"04/15/2025","AQS","060371302","3","11.2","ug/m3 LC","55","Compton","1","100.0000","88502","Acceptable PM2.5 AQI & Speciation Mass","731","Met-One BAM-1020 W/PM2.5 SCC","31080","Los Angeles-Long Beach-Anaheim, CA","06","California","037","Los Angeles","33.9013890008739","-118.205"
"04/16/2025","AQS","060371302","3","6.7","ug/m3 LC","37","Compton","1","100.0000","88502","Acceptable PM2.5 AQI & Speciation Mass","731","Met-One BAM-1020 W/PM2.5 SCC","31080","Los Angeles-Long Beach-Anaheim, CA","06","California","037","Los Angeles","33.9013890008739","-118.205"
"04/17/2025","AQS","060371302","3","5","ug/m3 LC","28","Compton","1","100.0000","88502","Acceptable PM2.5 AQI & Speciation Mass","731","Met-One BAM-1020 W/PM2.5 SCC","31080","Los Angeles-Long Beach-Anaheim, CA","06","California","037","Los Angeles","33.9013890008739","-118.205"
"04/18/2025","AQS","060371302","3","6.5","ug/m3 LC","36","Compton","1","100.0000","88502","Acceptable PM2.5 AQI & Speciation Mass","731","Met-One BAM-1020 W/PM2.5 SCC","31080","Los Angeles-Long Beach-Anaheim, CA","06","California","037","Los Angeles","33.9013890008739","-118.205"
"04/19/2025","AQS","060371302","3","10.1","ug/m3 LC","53","Compton","1","100.0000","88502","Acceptable PM2.5 AQI & Speciation Mass","731","Met-One BAM-1020 W/PM2.5 SCC","31080","Los Angeles-Long Beach-Anaheim, CA","06","California","037","Los Angeles","33.9013890008739","-118.205"
"04/20/2025","AQS","060371302","3","12","ug/m3 LC","56","Compton","1","100.0000","88502","Acceptable PM2.5 AQI & Speciation Mass","731","Met-One BAM-1020 W/PM2.5 SCC","31080","Los Angeles-Long Beach-Anaheim, CA","06","California","037","Los Angeles","33.9013890008739","-118.205"
"04/21/2025","AQS","060371302","3","12.1","ug/m3 LC","57","Compton","1","100.0000","88502","Acceptable PM2.5 AQI & Speciation Mass","731","Met-One BAM-1020 W/PM2.5 SCC","31080","Los Angeles-Long Beach-Anaheim, CA","06","California","037","Los Angeles","33.9013890008739","-118.205"
"04/22/2025","AQS","060371302","3","11.1","ug/m3 LC","55","Compton","1","100.0000","88502","Acceptable PM2.5 AQI & Speciation Mass","731","Met-One BAM-1020 W/PM2.5 SCC","31080","Los Angeles-Long Beach-Anaheim, CA","06","California","037","Los Angeles","33.9013890008739","-118.205"
"04/23/2025","AQS","060371302","3","8.5","ug/m3 LC","47","Compton","1","100.0000","88502","Acceptable PM2.5 AQI & Speciation Mass","731","Met-One BAM-1020 W/PM2.5 SCC","31080","Los Angeles-Long Beach-Anaheim, CA","06","California","037","Los Angeles","33.9013890008739","-118.205"
"04/24/2025","AQS","060371302","3","10.1","ug/m3 LC","53","Compton","1","100.0000","88502","Acceptable PM2.5 AQI & Speciation Mass","731","Met-One BAM-1020 W/PM2.5 SCC","31080","Los Angeles-Long Beach-Anaheim, CA","06","California","037","Los Angeles","33.9013890008739","-118.205"
"04/25/2025","AQS","060371302","3","5.9","ug/m3 LC","33","Compton","1","100.0000","88502","Acceptable PM2.5 AQI & Speciation Mass","731","Met-One BAM-1020 W/PM2.5 SCC","31080","Los Angeles-Long Beach-Anaheim, CA","06","California","037","Los Angeles","33.9013890008739","-118.205"
"04/26/2025","AQS","060371302","3","3.2","ug/m3 LC","18","Compton","1","100.0000","88502","Acceptable PM2.5 AQI & Speciation Mass","731","Met-One BAM-1020 W/PM2.5 SCC","31080","Los Angeles-Long Beach-Anaheim, CA","06","California","037","Los Angeles","33.9013890008739","-118.205"
"04/27/2025","AQS","060371302","3","4.9","ug/m3 LC","27","Compton","1","100.0000","88502","Acceptable PM2.5 AQI & Speciation Mass","731","Met-One BAM-1020 W/PM2.5 SCC","31080","Los Angeles-Long Beach-Anaheim, CA","06","California","037","Los Angeles","33.9013890008739","-118.205"
"04/28/2025","AQS","060371302","3","6.9","ug/m3 LC","38","Compton","1","100.0000","88502","Acceptable PM2.5 AQI & Speciation Mass","731","Met-One BAM-1020 W/PM2.5 SCC","31080","Los Angeles-Long Beach-Anaheim, CA","06","California","037","Los Angeles","33.9013890008739","-118.205"
"04/29/2025","AQS","060371302","3","10","ug/m3 LC","53","Compton","1","100.0000","88502","Acceptable PM2.5 AQI & Speciation Mass","731","Met-One BAM-1020 W/PM2.5 SCC","31080","Los Angeles-Long Beach-Anaheim, CA","06","California","037","Los Angeles","33.9013890008739","-118.205"
"04/30/2025","AQS","060371302","3","9.6","ug/m3 LC","52","Compton","1","100.0000","88502","Acceptable PM2.5 AQI & Speciation Mass","731","Met-One BAM-1020 W/PM2.5 SCC","31080","Los Angeles-Long Beach-Anaheim, CA","06","California","037","Los Angeles","33.9013890008739","-118.205"
"05/01/2025","AQS","060371302","3","7.1","ug/m3 LC","39","Compton","1","100.0000","88502","Acceptable PM2.5 AQI & Speciation Mass","731","Met-One BAM-1020 W/PM2.5 SCC","31080","Los Angeles-Long Beach-Anaheim, CA","06","California","037","Los Angeles","33.9013890008739","-118.205"
"05/02/2025","AQS","060371302","3","9.2","ug/m3 LC","51","Compton","1","100.0000","88502","Acceptable PM2.5 AQI & Speciation Mass","731","Met-One BAM-1020 W/PM2.5 SCC","31080","Los Angeles-Long Beach-Anaheim, CA","06","California","037","Los Angeles","33.9013890008739","-118.205"
"05/03/2025","AQS","060371302","3","5.4","ug/m3 LC","30","Compton","1","100.0000","88502","Acceptable PM2.5 AQI & Speciation Mass","731","Met-One BAM-1020 W/PM2.5 SCC","31080","Los Angeles-Long Beach-Anaheim, CA","06","California","037","Los Angeles","33.9013890008739","-118.205"
"05/04/2025","AQS","060371302","3","9.1","ug/m3 LC","51","Compton","1","100.0000","88502","Acceptable PM2.5 AQI & Speciation Mass","731","Met-One BAM-1020 W/PM2.5 SCC","31080","Los Angeles-Long Beach-Anaheim, CA","06","California","037","Los Angeles","33.9013890008739","-118.205"
"05/05/2025","AQS","060371302","3","8.6","ug/m3 LC","48","Compton","1","100.0000","88502","Acceptable PM2.5 AQI & Speciation Mass","731","Met-One BAM-1020 W/PM2.5 SCC","31080","Los Angeles-Long Beach-Anaheim, CA","06","California","037","Los Angeles","33.9013890008739","-118.205"
"05/06/2025","AQS","060371302","3","9.3","ug/m3 LC","51","Compton","1","100.0000","88502","Acceptable PM2.5 AQI & Speciation Mass","731","Met-One BAM-1020 W/PM2.5 SCC","31080","Los Angeles-Long Beach-Anaheim, CA","06","California","037","Los Angeles","33.9013890008739","-118.205"
"05/07/2025","AQS","060371302","3","9.1","ug/m3 LC","51","Compton","1","100.0000","88502","Acceptable PM2.5 AQI & Speciation Mass","731","Met-One BAM-1020 W/PM2.5 SCC","31080","Los Angeles-Long Beach-Anaheim, CA","06","California","037","Los Angeles","33.9013890008739","-118.205"
"05/08/2025","AQS","060371302","3","12.1","ug/m3 LC","57","Compton","1","100.0000","88502","Acceptable PM2.5 AQI & Speciation Mass","731","Met-One BAM-1020 W/PM2.5 SCC","31080","Los Angeles-Long Beach-Anaheim, CA","06","California","037","Los Angeles","33.9013890008739","-118.205"
"05/09/2025","AQS","060371302","3","12.2","ug/m3 LC","57","Compton","1","100.0000","88502","Acceptable PM2.5 AQI & Speciation Mass","731","Met-One BAM-1020 W/PM2.5 SCC","31080","Los Angeles-Long Beach-Anaheim, CA","06","California","037","Los Angeles","33.9013890008739","-118.205"
"05/10/2025","AQS","060371302","3","14.7","ug/m3 LC","61","Compton","1","100.0000","88502","Acceptable PM2.5 AQI & Speciation Mass","731","Met-One BAM-1020 W/PM2.5 SCC","31080","Los Angeles-Long Beach-Anaheim, CA","06","California","037","Los Angeles","33.9013890008739","-118.205"
"05/11/2025","AQS","060371302","3","16.8","ug/m3 LC","65","Compton","1","100.0000","88502","Acceptable PM2.5 AQI & Speciation Mass","731","Met-One BAM-1020 W/PM2.5 SCC","31080","Los Angeles-Long Beach-Anaheim, CA","06","California","037","Los Angeles","33.9013890008739","-118.205"
"05/12/2025","AQS","060371302","3","9.1","ug/m3 LC","51","Compton","1","100.0000","88502","Acceptable PM2.5 AQI & Speciation Mass","731","Met-One BAM-1020 W/PM2.5 SCC","31080","Los Angeles-Long Beach-Anaheim, CA","06","California","037","Los Angeles","33.9013890008739","-118.205"
"05/13/2025","AQS","060371302","3","6.4","ug/m3 LC","36","Compton","1","100.0000","88502","Acceptable PM2.5 AQI & Speciation Mass","731","Met-One BAM-1020 W/PM2.5 SCC","31080","Los Angeles-Long Beach-Anaheim, CA","06","California","037","Los Angeles","33.9013890008739","-118.205"
"05/14/2025","AQS","060371302","3","9.1","ug/m3 LC","51","Compton","1","100.0000","88502","Acceptable PM2.5 AQI & Speciation Mass","731","Met-One BAM-1020 W/PM2.5 SCC","31080","Los Angeles-Long Beach-Anaheim, CA","06","California","037","Los Angeles","33.9013890008739","-118.205"
"05/15/2025","AQS","060371302","3","12.6","ug/m3 LC","58","Compton","1","100.0000","88502","Acceptable PM2.5 AQI & Speciation Mass","731","Met-One BAM-1020 W/PM2.5 SCC","31080","Los Angeles-Long Beach-Anaheim, CA","06","California","037","Los Angeles","33.9013890008739","-118.205"
"05/16/2025","AQS","060371302","3","11.9","ug/m3 LC","56","Compton","1","100.0000","88502","Acceptable PM2.5 AQI & Speciation Mass","731","Met-One BAM-1020 W/PM2.5 SCC","31080","Los Angeles-Long Beach-Anaheim, CA","06","California","037","Los Angeles","33.9013890008739","-118.205"
"05/17/2025","AQS","060371302","3","7.9","ug/m3 LC","44","Compton","1","100.0000","88502","Acceptable PM2.5 AQI & Speciation Mass","731","Met-One BAM-1020 W/PM2.5 SCC","31080","Los Angeles-Long Beach-Anaheim, CA","06","California","037","Los Angeles","33.9013890008739","-118.205"
"05/18/2025","AQS","060371302","3","7.4","ug/m3 LC","41","Compton","1","100.0000","88502","Acceptable PM2.5 AQI & Speciation Mass","731","Met-One BAM-1020 W/PM2.5 SCC","31080","Los Angeles-Long Beach-Anaheim, CA","06","California","037","Los Angeles","33.9013890008739","-118.205"
"05/19/2025","AQS","060371302","3","12.1","ug/m3 LC","57","Compton","1","100.0000","88502","Acceptable PM2.5 AQI & Speciation Mass","731","Met-One BAM-1020 W/PM2.5 SCC","31080","Los Angeles-Long Beach-Anaheim, CA","06","California","037","Los Angeles","33.9013890008739","-118.205"
"05/20/2025","AQS","060371302","3","14.3","ug/m3 LC","61","Compton","1","100.0000","88502","Acceptable PM2.5 AQI & Speciation Mass","731","Met-One BAM-1020 W/PM2.5 SCC","31080","Los Angeles-Long Beach-Anaheim, CA","06","California","037","Los Angeles","33.9013890008739","-118.205"
"05/21/2025","AQS","060371302","3","13","ug/m3 LC","58","Compton","1","100.0000","88502","Acceptable PM2.5 AQI & Speciation Mass","731","Met-One BAM-1020 W/PM2.5 SCC","31080","Los Angeles-Long Beach-Anaheim, CA","06","California","037","Los Angeles","33.9013890008739","-118.205"
"05/22/2025","AQS","060371302","3","13.9","ug/m3 LC","60","Compton","1","100.0000","88502","Acceptable PM2.5 AQI & Speciation Mass","731","Met-One BAM-1020 W/PM2.5 SCC","31080","Los Angeles-Long Beach-Anaheim, CA","06","California","037","Los Angeles","33.9013890008739","-118.205"
"05/23/2025","AQS","060371302","3","13.3","ug/m3 LC","59","Compton","1","100.0000","88502","Acceptable PM2.5 AQI & Speciation Mass","731","Met-One BAM-1020 W/PM2.5 SCC","31080","Los Angeles-Long Beach-Anaheim, CA","06","California","037","Los Angeles","33.9013890008739","-118.205"
"05/24/2025","AQS","060371302","3","10.3","ug/m3 LC","53","Compton","1","100.0000","88502","Acceptable PM2.5 AQI & Speciation Mass","731","Met-One BAM-1020 W/PM2.5 SCC","31080","Los Angeles-Long Beach-Anaheim, CA","06","California","037","Los Angeles","33.9013890008739","-118.205"
"05/25/2025","AQS","060371302","3","10","ug/m3 LC","53","Compton","1","100.0000","88502","Acceptable PM2.5 AQI & Speciation Mass","731","Met-One BAM-1020 W/PM2.5 SCC","31080","Los Angeles-Long Beach-Anaheim, CA","06","California","037","Los Angeles","33.9013890008739","-118.205"
"05/26/2025","AQS","060371302","3","11.5","ug/m3 LC","55","Compton","1","100.0000","88502","Acceptable PM2.5 AQI & Speciation Mass","731","Met-One BAM-1020 W/PM2.5 SCC","31080","Los Angeles-Long Beach-Anaheim, CA","06","California","037","Los Angeles","33.9013890008739","-118.205"
"05/27/2025","AQS","060371302","3","9","ug/m3 LC","50","Compton","1","100.0000","88502","Acceptable PM2.5 AQI & Speciation Mass","731","Met-One BAM-1020 W/PM2.5 SCC","31080","Los Angeles-Long Beach-Anaheim, CA","06","California","037","Los Angeles","33.9013890008739","-118.205"
"05/28/2025","AQS","060371302","3","10.4","ug/m3 LC","53","Compton","1","100.0000","88502","Acceptable PM2.5 AQI & Speciation Mass","731","Met-One BAM-1020 W/PM2.5 SCC","31080","Los Angeles-Long Beach-Anaheim, CA","06","California","037","Los Angeles","33.9013890008739","-118.205"
"05/29/2025","AQS","060371302","3","8.1","ug/m3 LC","45","Compton","1","100.0000","88502","Acceptable PM2.5 AQI & Speciation Mass","731","Met-One BAM-1020 W/PM2.5 SCC","31080","Los Angeles-Long Beach-Anaheim, CA","06","California","037","Los Angeles","33.9013890008739","-118.205"
"05/30/2025","AQS","060371302","3","9.8","ug/m3 LC","52","Compton","1","100.0000","88502","Acceptable PM2.5 AQI & Speciation Mass","731","Met-One BAM-1020 W/PM2.5 SCC","31080","Los Angeles-Long Beach-Anaheim, CA","06","California","037","Los Angeles","33.9013890008739","-118.205"
"05/31/2025","AQS","060371302","3","16.9","ug/m3 LC","66","Compton","1","100.0000","88502","Acceptable PM2.5 AQI & Speciation Mass","731","Met-One BAM-1020 W/PM2.5 SCC","31080","Los Angeles-Long Beach-Anaheim, CA","06","California","037","Los Angeles","33.9013890008739","-118.205"
"06/01/2025","AQS","060371302","3","11","ug/m3 LC","55","Compton","1","100.0000","88502","Acceptable PM2.5 AQI & Speciation Mass","731","Met-One BAM-1020 W/PM2.5 SCC","31080","Los Angeles-Long Beach-Anaheim, CA","06","California","037","Los Angeles","33.9013890008739","-118.205"
"06/02/2025","AQS","060371302","3","6.7","ug/m3 LC","37","Compton","1","100.0000","88502","Acceptable PM2.5 AQI & Speciation Mass","731","Met-One BAM-1020 W/PM2.5 SCC","31080","Los Angeles-Long Beach-Anaheim, CA","06","California","037","Los Angeles","33.9013890008739","-118.205"
"06/03/2025","AQS","060371302","3","6.9","ug/m3 LC","38","Compton","1","100.0000","88502","Acceptable PM2.5 AQI & Speciation Mass","731","Met-One BAM-1020 W/PM2.5 SCC","31080","Los Angeles-Long Beach-Anaheim, CA","06","California","037","Los Angeles","33.9013890008739","-118.205"
"06/04/2025","AQS","060371302","3","7.9","ug/m3 LC","44","Compton","1","100.0000","88502","Acceptable PM2.5 AQI & Speciation Mass","731","Met-One BAM-1020 W/PM2.5 SCC","31080","Los Angeles-Long Beach-Anaheim, CA","06","California","037","Los Angeles","33.9013890008739","-118.205"
"06/05/2025","AQS","060371302","3","5.7","ug/m3 LC","32","Compton","1","100.0000","88502","Acceptable PM2.5 AQI & Speciation Mass","731","Met-One BAM-1020 W/PM2.5 SCC","31080","Los Angeles-Long Beach-Anaheim, CA","06","California","037","Los Angeles","33.9013890008739","-118.205"
"06/06/2025","AQS","060371302","3","8","ug/m3 LC","44","Compton","1","100.0000","88502","Acceptable PM2.5 AQI & Speciation Mass","731","Met-One BAM-1020 W/PM2.5 SCC","31080","Los Angeles-Long Beach-Anaheim, CA","06","California","037","Los Angeles","33.9013890008739","-118.205"
"06/07/2025","AQS","060371302","3","8.3","ug/m3 LC","46","Compton","1","100.0000","88502","Acceptable PM2.5 AQI & Speciation Mass","731","Met-One BAM-1020 W/PM2.5 SCC","31080","Los Angeles-Long Beach-Anaheim, CA","06","California","037","Los Angeles","33.9013890008739","-118.205"
"06/08/2025","AQS","060371302","3","8.8","ug/m3 LC","49","Compton","1","100.0000","88502","Acceptable PM2.5 AQI & Speciation Mass","731","Met-One BAM-1020 W/PM2.5 SCC","31080","Los Angeles-Long Beach-Anaheim, CA","06","California","037","Los Angeles","33.9013890008739","-118.205"
"06/09/2025","AQS","060371302","3","11.9","ug/m3 LC","56","Compton","1","100.0000","88502","Acceptable PM2.5 AQI & Speciation Mass","731","Met-One BAM-1020 W/PM2.5 SCC","31080","Los Angeles-Long Beach-Anaheim, CA","06","California","037","Los Angeles","33.9013890008739","-118.205"
"06/10/2025","AQS","060371302","3","10.4","ug/m3 LC","53","Compton","1","100.0000","88502","Acceptable PM2.5 AQI & Speciation Mass","731","Met-One BAM-1020 W/PM2.5 SCC","31080","Los Angeles-Long Beach-Anaheim, CA","06","California","037","Los Angeles","33.9013890008739","-118.205"
"06/11/2025","AQS","060371302","3","13.7","ug/m3 LC","60","Compton","1","100.0000","88502","Acceptable PM2.5 AQI & Speciation Mass","731","Met-One BAM-1020 W/PM2.5 SCC","31080","Los Angeles-Long Beach-Anaheim, CA","06","California","037","Los Angeles","33.9013890008739","-118.205"
"06/12/2025","AQS","060371302","3","8.4","ug/m3 LC","47","Compton","1","100.0000","88502","Acceptable PM2.5 AQI & Speciation Mass","731","Met-One BAM-1020 W/PM2.5 SCC","31080","Los Angeles-Long Beach-Anaheim, CA","06","California","037","Los Angeles","33.9013890008739","-118.205"
"06/13/2025","AQS","060371302","3","12","ug/m3 LC","56","Compton","1","100.0000","88502","Acceptable PM2.5 AQI & Speciation Mass","731","Met-One BAM-1020 W/PM2.5 SCC","31080","Los Angeles-Long Beach-Anaheim, CA","06","California","037","Los Angeles","33.9013890008739","-118.205"
"06/14/2025","AQS","060371302","3","13","ug/m3 LC","58","Compton","1","100.0000","88502","Acceptable PM2.5 AQI & Speciation Mass","731","Met-One BAM-1020 W/PM2.5 SCC","31080","Los Angeles-Long Beach-Anaheim, CA","06","California","037","Los Angeles","33.9013890008739","-118.205"
"06/15/2025","AQS","060371302","3","14.6","ug/m3 LC","61","Compton","1","100.0000","88502","Acceptable PM2.5 AQI & Speciation Mass","731","Met-One BAM-1020 W/PM2.5 SCC","31080","Los Angeles-Long Beach-Anaheim, CA","06","California","037","Los Angeles","33.9013890008739","-118.205"
"06/16/2025","AQS","060371302","3","16.9","ug/m3 LC","66","Compton","1","100.0000","88502","Acceptable PM2.5 AQI & Speciation Mass","731","Met-One BAM-1020 W/PM2.5 SCC","31080","Los Angeles-Long Beach-Anaheim, CA","06","California","037","Los Angeles","33.9013890008739","-118.205"
"06/17/2025","AQS","060371302","3","16.1","ug/m3 LC","64","Compton","1","100.0000","88502","Acceptable PM2.5 AQI & Speciation Mass","731","Met-One BAM-1020 W/PM2.5 SCC","31080","Los Angeles-Long Beach-Anaheim, CA","06","California","037","Los Angeles","33.9013890008739","-118.205"
"06/19/2025","AQS","060371302","3","11.9","ug/m3 LC","56","Compton","1","100.0000","88502","Acceptable PM2.5 AQI & Speciation Mass","731","Met-One BAM-1020 W/PM2.5 SCC","31080","Los Angeles-Long Beach-Anaheim, CA","06","California","037","Los Angeles","33.9013890008739","-118.205"
"06/20/2025","AQS","060371302","3","13.6","ug/m3 LC","59","Compton","1","100.0000","88502","Acceptable PM2.5 AQI & Speciation Mass","731","Met-One BAM-1020 W/PM2.5 SCC","31080","Los Angeles-Long Beach-Anaheim, CA","06","California","037","Los Angeles","33.9013890008739","-118.205"
"06/21/2025","AQS","060371302","3","13","ug/m3 LC","58","Compton","1","100.0000","88502","Acceptable PM2.5 AQI & Speciation Mass","731","Met-One BAM-1020 W/PM2.5 SCC","31080","Los Angeles-Long Beach-Anaheim, CA","06","California","037","Los Angeles","33.9013890008739","-118.205"
"06/22/2025","AQS","060371302","3","12.3","ug/m3 LC","57","Compton","1","100.0000","88502","Acceptable PM2.5 AQI & Speciation Mass","731","Met-One BAM-1020 W/PM2.5 SCC","31080","Los Angeles-Long Beach-Anaheim, CA","06","California","037","Los Angeles","33.9013890008739","-118.205"
"06/23/2025","AQS","060371302","3","12.8","ug/m3 LC","58","Compton","1","100.0000","88502","Acceptable PM2.5 AQI & Speciation Mass","731","Met-One BAM-1020 W/PM2.5 SCC","31080","Los Angeles-Long Beach-Anaheim, CA","06","California","037","Los Angeles","33.9013890008739","-118.205"
"06/24/2025","AQS","060371302","3","11.6","ug/m3 LC","56","Compton","1","100.0000","88502","Acceptable PM2.5 AQI & Speciation Mass","731","Met-One BAM-1020 W/PM2.5 SCC","31080","Los Angeles-Long Beach-Anaheim, CA","06","California","037","Los Angeles","33.9013890008739","-118.205"
"06/25/2025","AQS","060371302","3","10.7","ug/m3 LC","54","Compton","1","100.0000","88502","Acceptable PM2.5 AQI & Speciation Mass","731","Met-One BAM-1020 W/PM2.5 SCC","31080","Los Angeles-Long Beach-Anaheim, CA","06","California","037","Los Angeles","33.9013890008739","-118.205"
"06/26/2025","AQS","060371302","3","11.4","ug/m3 LC","55","Compton","1","100.0000","88502","Acceptable PM2.5 AQI & Speciation Mass","731","Met-One BAM-1020 W/PM2.5 SCC","31080","Los Angeles-Long Beach-Anaheim, CA","06","California","037","Los Angeles","33.9013890008739","-118.205"
"06/27/2025","AQS","060371302","3","12.3","ug/m3 LC","57","Compton","1","100.0000","88502","Acceptable PM2.5 AQI & Speciation Mass","731","Met-One BAM-1020 W/PM2.5 SCC","31080","Los Angeles-Long Beach-Anaheim, CA","06","California","037","Los Angeles","33.9013890008739","-118.205"
"06/28/2025","AQS","060371302","3","13.7","ug/m3 LC","60","Compton","1","100.0000","88502","Acceptable PM2.5 AQI & Speciation Mass","731","Met-One BAM-1020 W/PM2.5 SCC","31080","Los Angeles-Long Beach-Anaheim, CA","06","California","037","Los Angeles","33.9013890008739","-118.205"
"06/29/2025","AQS","060371302","3","9.7","ug/m3 LC","52","Compton","1","100.0000","88502","Acceptable PM2.5 AQI & Speciation Mass","731","Met-One BAM-1020 W/PM2.5 SCC","31080","Los Angeles-Long Beach-Anaheim, CA","06","California","037","Los Angeles","33.9013890008739","-118.205"
"06/30/2025","AQS","060371302","3","7.8","ug/m3 LC","43","Compton","1","100.0000","88502","Acceptable PM2.5 AQI & Speciation Mass","731","Met-One BAM-1020 W/PM2.5 SCC","31080","Los Angeles-Long Beach-Anaheim, CA","06","California","037","Los Angeles","33.9013890008739","-118.205"
"07/01/2025","AQS","060371302","3","8.5","ug/m3 LC","47","Compton","1","100.0000","88502","Acceptable PM2.5 AQI & Speciation Mass","731","Met-One BAM-1020 W/PM2.5 SCC","31080","Los Angeles-Long Beach-Anaheim, CA","06","California","037","Los Angeles","33.9013890008739","-118.205"
"07/02/2025","AQS","060371302","3","9.9","ug/m3 LC","52","Compton","1","100.0000","88502","Acceptable PM2.5 AQI & Speciation Mass","731","Met-One BAM-1020 W/PM2.5 SCC","31080","Los Angeles-Long Beach-Anaheim, CA","06","California","037","Los Angeles","33.9013890008739","-118.205"
"07/03/2025","AQS","060371302","3","6.5","ug/m3 LC","36","Compton","1","100.0000","88502","Acceptable PM2.5 AQI & Speciation Mass","731","Met-One BAM-1020 W/PM2.5 SCC","31080","Los Angeles-Long Beach-Anaheim, CA","06","California","037","Los Angeles","33.9013890008739","-118.205"
"07/04/2025","AQS","060371302","3","56.2","ug/m3 LC","151","Compton","1","100.0000","88502","Acceptable PM2.5 AQI & Speciation Mass","731","Met-One BAM-1020 W/PM2.5 SCC","31080","Los Angeles-Long Beach-Anaheim, CA","06","California","037","Los Angeles","33.9013890008739","-118.205"
"07/05/2025","AQS","060371302","3","37.2","ug/m3 LC","105","Compton","1","100.0000","88502","Acceptable PM2.5 AQI & Speciation Mass","731","Met-One BAM-1020 W/PM2.5 SCC","31080","Los Angeles-Long Beach-Anaheim, CA","06","California","037","Los Angeles","33.9013890008739","-118.205"
"07/06/2025","AQS","060371302","3","13.3","ug/m3 LC","59","Compton","1","100.0000","88502","Acceptable PM2.5 AQI & Speciation Mass","731","Met-One BAM-1020 W/PM2.5 SCC","31080","Los Angeles-Long Beach-Anaheim, CA","06","California","037","Los Angeles","33.9013890008739","-118.205"
"07/07/2025","AQS","060371302","3","13","ug/m3 LC","58","Compton","1","100.0000","88502","Acceptable PM2.5 AQI & Speciation Mass","731","Met-One BAM-1020 W/PM2.5 SCC","31080","Los Angeles-Long Beach-Anaheim, CA","06","California","037","Los Angeles","33.9013890008739","-118.205"
"07/08/2025","AQS","060371302","3","7.4","ug/m3 LC","41","Compton","1","100.0000","88502","Acceptable PM2.5 AQI & Speciation Mass","731","Met-One BAM-1020 W/PM2.5 SCC","31080","Los Angeles-Long Beach-Anaheim, CA","06","California","037","Los Angeles","33.9013890008739","-118.205"
"07/09/2025","AQS","060371302","3","8.3","ug/m3 LC","46","Compton","1","100.0000","88502","Acceptable PM2.5 AQI & Speciation Mass","731","Met-One BAM-1020 W/PM2.5 SCC","31080","Los Angeles-Long Beach-Anaheim, CA","06","California","037","Los Angeles","33.9013890008739","-118.205"
"07/10/2025","AQS","060371302","3","11.5","ug/m3 LC","55","Compton","1","100.0000","88502","Acceptable PM2.5 AQI & Speciation Mass","731","Met-One BAM-1020 W/PM2.5 SCC","31080","Los Angeles-Long Beach-Anaheim, CA","06","California","037","Los Angeles","33.9013890008739","-118.205"
"07/11/2025","AQS","060371302","3","10.9","ug/m3 LC","54","Compton","1","100.0000","88502","Acceptable PM2.5 AQI & Speciation Mass","731","Met-One BAM-1020 W/PM2.5 SCC","31080","Los Angeles-Long Beach-Anaheim, CA","06","California","037","Los Angeles","33.9013890008739","-118.205"
"07/12/2025","AQS","060371302","3","10.4","ug/m3 LC","53","Compton","1","100.0000","88502","Acceptable PM2.5 AQI & Speciation Mass","731","Met-One BAM-1020 W/PM2.5 SCC","31080","Los Angeles-Long Beach-Anaheim, CA","06","California","037","Los Angeles","33.9013890008739","-118.205"
"07/13/2025","AQS","060371302","3","10.4","ug/m3 LC","53","Compton","1","100.0000","88502","Acceptable PM2.5 AQI & Speciation Mass","731","Met-One BAM-1020 W/PM2.5 SCC","31080","Los Angeles-Long Beach-Anaheim, CA","06","California","037","Los Angeles","33.9013890008739","-118.205"
"07/14/2025","AQS","060371302","3","8.7","ug/m3 LC","48","Compton","1","100.0000","88502","Acceptable PM2.5 AQI & Speciation Mass","731","Met-One BAM-1020 W/PM2.5 SCC","31080","Los Angeles-Long Beach-Anaheim, CA","06","California","037","Los Angeles","33.9013890008739","-118.205"
"07/15/2025","AQS","060371302","3","4.9","ug/m3 LC","27","Compton","1","100.0000","88502","Acceptable PM2.5 AQI & Speciation Mass","731","Met-One BAM-1020 W/PM2.5 SCC","31080","Los Angeles-Long Beach-Anaheim, CA","06","California","037","Los Angeles","33.9013890008739","-118.205"
"07/16/2025","AQS","060371302","3","3.8","ug/m3 LC","21","Compton","1","100.0000","88502","Acceptable PM2.5 AQI & Speciation Mass","731","Met-One BAM-1020 W/PM2.5 SCC","31080","Los Angeles-Long Beach-Anaheim, CA","06","California","037","Los Angeles","33.9013890008739","-118.205"
"07/17/2025","AQS","060371302","3","4.8","ug/m3 LC","27","Compton","1","100.0000","88502","Acceptable PM2.5 AQI & Speciation Mass","731","Met-One BAM-1020 W/PM2.5 SCC","31080","Los Angeles-Long Beach-Anaheim, CA","06","California","037","Los Angeles","33.9013890008739","-118.205"
"07/18/2025","AQS","060371302","3","6.3","ug/m3 LC","35","Compton","1","100.0000","88502","Acceptable PM2.5 AQI & Speciation Mass","731","Met-One BAM-1020 W/PM2.5 SCC","31080","Los Angeles-Long Beach-Anaheim, CA","06","California","037","Los Angeles","33.9013890008739","-118.205"
"07/19/2025","AQS","060371302","3","7.2","ug/m3 LC","40","Compton","1","100.0000","88502","Acceptable PM2.5 AQI & Speciation Mass","731","Met-One BAM-1020 W/PM2.5 SCC","31080","Los Angeles-Long Beach-Anaheim, CA","06","California","037","Los Angeles","33.9013890008739","-118.205"
"07/20/2025","AQS","060371302","3","7.8","ug/m3 LC","43","Compton","1","100.0000","88502","Acceptable PM2.5 AQI & Speciation Mass","731","Met-One BAM-1020 W/PM2.5 SCC","31080","Los Angeles-Long Beach-Anaheim, CA","06","California","037","Los Angeles","33.9013890008739","-118.205"
"07/21/2025","AQS","060371302","3","5.7","ug/m3 LC","32","Compton","1","100.0000","88502","Acceptable PM2.5 AQI & Speciation Mass","731","Met-One BAM-1020 W/PM2.5 SCC","31080","Los Angeles-Long Beach-Anaheim, CA","06","California","037","Los Angeles","33.9013890008739","-118.205"
"07/22/2025","AQS","060371302","3","4.3","ug/m3 LC","24","Compton","1","100.0000","88502","Acceptable PM2.5 AQI & Speciation Mass","731","Met-One BAM-1020 W/PM2.5 SCC","31080","Los Angeles-Long Beach-Anaheim, CA","06","California","037","Los Angeles","33.9013890008739","-118.205"
"07/23/2025","AQS","060371302","3","6.1","ug/m3 LC","34","Compton","1","100.0000","88502","Acceptable PM2.5 AQI & Speciation Mass","731","Met-One BAM-1020 W/PM2.5 SCC","31080","Los Angeles-Long Beach-Anaheim, CA","06","California","037","Los Angeles","33.9013890008739","-118.205"
"07/24/2025","AQS","060371302","3","4.1","ug/m3 LC","23","Compton","1","100.0000","88502","Acceptable PM2.5 AQI & Speciation Mass","731","Met-One BAM-1020 W/PM2.5 SCC","31080","Los Angeles-Long Beach-Anaheim, CA","06","California","037","Los Angeles","33.9013890008739","-118.205"
"07/25/2025","AQS","060371302","3","3.8","ug/m3 LC","21","Compton","1","100.0000","88502","Acceptable PM2.5 AQI & Speciation Mass","731","Met-One BAM-1020 W/PM2.5 SCC","31080","Los Angeles-Long Beach-Anaheim, CA","06","California","037","Los Angeles","33.9013890008739","-118.205"
"07/26/2025","AQS","060371302","3","3.8","ug/m3 LC","21","Compton","1","100.0000","88502","Acceptable PM2.5 AQI & Speciation Mass","731","Met-One BAM-1020 W/PM2.5 SCC","31080","Los Angeles-Long Beach-Anaheim, CA","06","California","037","Los Angeles","33.9013890008739","-118.205"
"07/27/2025","AQS","060371302","3","5.2","ug/m3 LC","29","Compton","1","100.0000","88502","Acceptable PM2.5 AQI & Speciation Mass","731","Met-One BAM-1020 W/PM2.5 SCC","31080","Los Angeles-Long Beach-Anaheim, CA","06","California","037","Los Angeles","33.9013890008739","-118.205"
"07/28/2025","AQS","060371302","3","7.5","ug/m3 LC","42","Compton","1","100.0000","88502","Acceptable PM2.5 AQI & Speciation Mass","731","Met-One BAM-1020 W/PM2.5 SCC","31080","Los Angeles-Long Beach-Anaheim, CA","06","California","037","Los Angeles","33.9013890008739","-118.205"
"07/29/2025","AQS","060371302","3","9.4","ug/m3 LC","52","Compton","1","100.0000","88502","Acceptable PM2.5 AQI & Speciation Mass","731","Met-One BAM-1020 W/PM2.5 SCC","31080","Los Angeles-Long Beach-Anaheim, CA","06","California","037","Los Angeles","33.9013890008739","-118.205"
"07/30/2025","AQS","060371302","3","9.7","ug/m3 LC","52","Compton","1","100.0000","88502","Acceptable PM2.5 AQI & Speciation Mass","731","Met-One BAM-1020 W/PM2.5 SCC","31080","Los Angeles-Long Beach-Anaheim, CA","06","California","037","Los Angeles","33.9013890008739","-118.205"
"07/31/2025","AQS","060371302","3","9.7","ug/m3 LC","52","Compton","1","100.0000","88502","Acceptable PM2.5 AQI & Speciation Mass","731","Met-One BAM-1020 W/PM2.5 SCC","31080","Los Angeles-Long Beach-Anaheim, CA","06","California","037","Los Angeles","33.9013890008739","-118.205"
"08/01/2025","AQS","060371302","3","9.6","ug/m3 LC","52","Compton","1","100.0000","88502","Acceptable PM2.5 AQI & Speciation Mass","731","Met-One BAM-1020 W/PM2.5 SCC","31080","Los Angeles-Long Beach-Anaheim, CA","06","California","037","Los Angeles","33.9013890008739","-118.205"
"08/02/2025","AQS","060371302","3","13.1","ug/m3 LC","58","Compton","1","100.0000","88502","Acceptable PM2.5 AQI & Speciation Mass","731","Met-One BAM-1020 W/PM2.5 SCC","31080","Los Angeles-Long Beach-Anaheim, CA","06","California","037","Los Angeles","33.9013890008739","-118.205"
"08/03/2025","AQS","060371302","3","10.9","ug/m3 LC","54","Compton","1","100.0000","88502","Acceptable PM2.5 AQI & Speciation Mass","731","Met-One BAM-1020 W/PM2.5 SCC","31080","Los Angeles-Long Beach-Anaheim, CA","06","California","037","Los Angeles","33.9013890008739","-118.205"
"08/04/2025","AQS","060371302","3","16.3","ug/m3 LC","64","Compton","1","100.0000","88502","Acceptable PM2.5 AQI & Speciation Mass","731","Met-One BAM-1020 W/PM2.5 SCC","31080","Los Angeles-Long Beach-Anaheim, CA","06","California","037","Los Angeles","33.9013890008739","-118.205"
"08/05/2025","AQS","060371302","3","16","ug/m3 LC","64","Compton","1","100.0000","88502","Acceptable PM2.5 AQI & Speciation Mass","731","Met-One BAM-1020 W/PM2.5 SCC","31080","Los Angeles-Long Beach-Anaheim, CA","06","California","037","Los Angeles","33.9013890008739","-118.205"
"08/06/2025","AQS","060371302","3","16.5","ug/m3 LC","65","Compton","1","100.0000","88502","Acceptable PM2.5 AQI & Speciation Mass","731","Met-One BAM-1020 W/PM2.5 SCC","31080","Los Angeles-Long Beach-Anaheim, CA","06","California","037","Los Angeles","33.9013890008739","-118.205"
"08/07/2025","AQS","060371302","3","12.7","ug/m3 LC","58","Compton","1","100.0000","88502","Acceptable PM2.5 AQI & Speciation Mass","731","Met-One BAM-1020 W/PM2.5 SCC","31080","Los Angeles-Long Beach-Anaheim, CA","06","California","037","Los Angeles","33.9013890008739","-118.205"
"08/08/2025","AQS","060371302","3","9.1","ug/m3 LC","51","Compton","1","100.0000","88502","Acceptable PM2.5 AQI & Speciation Mass","731","Met-One BAM-1020 W/PM2.5 SCC","31080","Los Angeles-Long Beach-Anaheim, CA","06","California","037","Los Angeles","33.9013890008739","-118.205"
"08/09/2025","AQS","060371302","3","12.5","ug/m3 LC","57","Compton","1","100.0000","88502","Acceptable PM2.5 AQI & Speciation Mass","731","Met-One BAM-1020 W/PM2.5 SCC","31080","Los Angeles-Long Beach-Anaheim, CA","06","California","037","Los Angeles","33.9013890008739","-118.205"
"08/10/2025","AQS","060371302","3","12.4","ug/m3 LC","57","Compton","1","100.0000","88502","Acceptable PM2.5 AQI & Speciation Mass","731","Met-One BAM-1020 W/PM2.5 SCC","31080","Los Angeles-Long Beach-Anaheim, CA","06","California","037","Los Angeles","33.9013890008739","-118.205"
"08/11/2025","AQS","060371302","3","10.9","ug/m3 LC","54","Compton","1","100.0000","88502","Acceptable PM2.5 AQI & Speciation Mass","731","Met-One BAM-1020 W/PM2.5 SCC","31080","Los Angeles-Long Beach-Anaheim, CA","06","California","037","Los Angeles","33.9013890008739","-118.205"
"08/12/2025","AQS","060371302","3","10.9","ug/m3 LC","54","Compton","1","100.0000","88502","Acceptable PM2.5 AQI & Speciation Mass","731","Met-One BAM-1020 W/PM2.5 SCC","31080","Los Angeles-Long Beach-Anaheim, CA","06","California","037","Los Angeles","33.9013890008739","-118.205"
"08/13/2025","AQS","060371302","3","13.7","ug/m3 LC","60","Compton","1","100.0000","88502","Acceptable PM2.5 AQI & Speciation Mass","731","Met-One BAM-1020 W/PM2.5 SCC","31080","Los Angeles-Long Beach-Anaheim, CA","06","California","037","Los Angeles","33.9013890008739","-118.205"
"08/14/2025","AQS","060371302","3","12.2","ug/m3 LC","57","Compton","1","100.0000","88502","Acceptable PM2.5 AQI & Speciation Mass","731","Met-One BAM-1020 W/PM2.5 SCC","31080","Los Angeles-Long Beach-Anaheim, CA","06","California","037","Los Angeles","33.9013890008739","-118.205"
"08/15/2025","AQS","060371302","3","7.9","ug/m3 LC","44","Compton","1","100.0000","88502","Acceptable PM2.5 AQI & Speciation Mass","731","Met-One BAM-1020 W/PM2.5 SCC","31080","Los Angeles-Long Beach-Anaheim, CA","06","California","037","Los Angeles","33.9013890008739","-118.205"
"08/16/2025","AQS","060371302","3","5.9","ug/m3 LC","33","Compton","1","100.0000","88502","Acceptable PM2.5 AQI & Speciation Mass","731","Met-One BAM-1020 W/PM2.5 SCC","31080","Los Angeles-Long Beach-Anaheim, CA","06","California","037","Los Angeles","33.9013890008739","-118.205"
"08/17/2025","AQS","060371302","3","9","ug/m3 LC","50","Compton","1","100.0000","88502","Acceptable PM2.5 AQI & Speciation Mass","731","Met-One BAM-1020 W/PM2.5 SCC","31080","Los Angeles-Long Beach-Anaheim, CA","06","California","037","Los Angeles","33.9013890008739","-118.205"
"08/18/2025","AQS","060371302","3","9.7","ug/m3 LC","52","Compton","1","100.0000","88502","Acceptable PM2.5 AQI & Speciation Mass","731","Met-One BAM-1020 W/PM2.5 SCC","31080","Los Angeles-Long Beach-Anaheim, CA","06","California","037","Los Angeles","33.9013890008739","-118.205"
"08/19/2025","AirNow","060371302","3","12.4","ug/m3 LC","57","Compton","1","100.0000","88101","PM2.5 - Local Conditions","","","31080","Los Angeles-Long Beach-Anaheim, CA","06","California","037","Los Angeles","33.9013890008739","-118.205"
"08/20/2025","AirNow","060371302","3","10.8","ug/m3 LC","54","Compton","1","100.0000","88101","PM2.5 - Local Conditions","","","31080","Los Angeles-Long Beach-Anaheim, CA","06","California","037","Los Angeles","33.9013890008739","-118.205"
"08/21/2025","AQS","060371302","3","12.5","ug/m3 LC","57","Compton","1","100.0000","88502","Acceptable PM2.5 AQI & Speciation Mass","731","Met-One BAM-1020 W/PM2.5 SCC","31080","Los Angeles-Long Beach-Anaheim, CA","06","California","037","Los Angeles","33.9013890008739","-118.205"
"08/22/2025","AQS","060371302","3","14.7","ug/m3 LC","61","Compton","1","100.0000","88502","Acceptable PM2.5 AQI & Speciation Mass","731","Met-One BAM-1020 W/PM2.5 SCC","31080","Los Angeles-Long Beach-Anaheim, CA","06","California","037","Los Angeles","33.9013890008739","-118.205"
"08/23/2025","AQS","060371302","3","13","ug/m3 LC","58","Compton","1","100.0000","88502","Acceptable PM2.5 AQI & Speciation Mass","731","Met-One BAM-1020 W/PM2.5 SCC","31080","Los Angeles-Long Beach-Anaheim, CA","06","California","037","Los Angeles","33.9013890008739","-118.205"
"08/24/2025","AQS","060371302","3","8.8","ug/m3 LC","49","Compton","1","100.0000","88502","Acceptable PM2.5 AQI & Speciation Mass","731","Met-One BAM-1020 W/PM2.5 SCC","31080","Los Angeles-Long Beach-Anaheim, CA","06","California","037","Los Angeles","33.9013890008739","-118.205"
"08/25/2025","AQS","060371302","3","10.5","ug/m3 LC","54","Compton","1","100.0000","88502","Acceptable PM2.5 AQI & Speciation Mass","731","Met-One BAM-1020 W/PM2.5 SCC","31080","Los Angeles-Long Beach-Anaheim, CA","06","California","037","Los Angeles","33.9013890008739","-118.205"
"08/26/2025","AQS","060371302","3","10","ug/m3 LC","53","Compton","1","100.0000","88502","Acceptable PM2.5 AQI & Speciation Mass","731","Met-One BAM-1020 W/PM2.5 SCC","31080","Los Angeles-Long Beach-Anaheim, CA","06","California","037","Los Angeles","33.9013890008739","-118.205"
"08/27/2025","AQS","060371302","3","10.2","ug/m3 LC","53","Compton","1","100.0000","88502","Acceptable PM2.5 AQI & Speciation Mass","731","Met-One BAM-1020 W/PM2.5 SCC","31080","Los Angeles-Long Beach-Anaheim, CA","06","California","037","Los Angeles","33.9013890008739","-118.205"
"08/28/2025","AQS","060371302","3","8.7","ug/m3 LC","48","Compton","1","100.0000","88502","Acceptable PM2.5 AQI & Speciation Mass","731","Met-One BAM-1020 W/PM2.5 SCC","31080","Los Angeles-Long Beach-Anaheim, CA","06","California","037","Los Angeles","33.9013890008739","-118.205"
"08/29/2025","AQS","060371302","3","8.5","ug/m3 LC","47","Compton","1","100.0000","88502","Acceptable PM2.5 AQI & Speciation Mass","731","Met-One BAM-1020 W/PM2.5 SCC","31080","Los Angeles-Long Beach-Anaheim, CA","06","California","037","Los Angeles","33.9013890008739","-118.205"
"08/30/2025","AQS","060371302","3","8.3","ug/m3 LC","46","Compton","1","100.0000","88502","Acceptable PM2.5 AQI & Speciation Mass","731","Met-One BAM-1020 W/PM2.5 SCC","31080","Los Angeles-Long Beach-Anaheim, CA","06","California","037","Los Angeles","33.9013890008739","-118.205"
"08/31/2025","AQS","060371302","3","8.5","ug/m3 LC","47","Compton","1","100.0000","88502","Acceptable PM2.5 AQI & Speciation Mass","731","Met-One BAM-1020 W/PM2.5 SCC","31080","Los Angeles-Long Beach-Anaheim, CA","06","California","037","Los Angeles","33.9013890008739","-118.205"
"09/01/2025","AQS","060371302","3","8.8","ug/m3 LC","49","Compton","1","100.0000","88502","Acceptable PM2.5 AQI & Speciation Mass","731","Met-One BAM-1020 W/PM2.5 SCC","31080","Los Angeles-Long Beach-Anaheim, CA","06","California","037","Los Angeles","33.9013890008739","-118.205"
"09/02/2025","AQS","060371302","3","10.9","ug/m3 LC","54","Compton","1","100.0000","88502","Acceptable PM2.5 AQI & Speciation Mass","731","Met-One BAM-1020 W/PM2.5 SCC","31080","Los Angeles-Long Beach-Anaheim, CA","06","California","037","Los Angeles","33.9013890008739","-118.205"
"09/03/2025","AQS","060371302","3","8.4","ug/m3 LC","47","Compton","1","100.0000","88502","Acceptable PM2.5 AQI & Speciation Mass","731","Met-One BAM-1020 W/PM2.5 SCC","31080","Los Angeles-Long Beach-Anaheim, CA","06","California","037","Los Angeles","33.9013890008739","-118.205"
"09/04/2025","AQS","060371302","3","8.2","ug/m3 LC","46","Compton","1","100.0000","88502","Acceptable PM2.5 AQI & Speciation Mass","731","Met-One BAM-1020 W/PM2.5 SCC","31080","Los Angeles-Long Beach-Anaheim, CA","06","California","037","Los Angeles","33.9013890008739","-118.205"
"09/05/2025","AQS","060371302","3","11.5","ug/m3 LC","55","Compton","1","100.0000","88502","Acceptable PM2.5 AQI & Speciation Mass","731","Met-One BAM-1020 W/PM2.5 SCC","31080","Los Angeles-Long Beach-Anaheim, CA","06","California","037","Los Angeles","33.9013890008739","-118.205"
"09/06/2025","AQS","060371302","3","9.4","ug/m3 LC","52","Compton","1","100.0000","88502","Acceptable PM2.5 AQI & Speciation Mass","731","Met-One BAM-1020 W/PM2.5 SCC","31080","Los Angeles-Long Beach-Anaheim, CA","06","California","037","Los Angeles","33.9013890008739","-118.205"
"09/07/2025","AQS","060371302","3","8.1","ug/m3 LC","45","Compton","1","100.0000","88502","Acceptable PM2.5 AQI & Speciation Mass","731","Met-One BAM-1020 W/PM2.5 SCC","31080","Los Angeles-Long Beach-Anaheim, CA","06","California","037","Los Angeles","33.9013890008739","-118.205"
"09/08/2025","AQS","060371302","3","5.1","ug/m3 LC","28","Compton","1","100.0000","88502","Acceptable PM2.5 AQI & Speciation Mass","731","Met-One BAM-1020 W/PM2.5 SCC","31080","Los Angeles-Long Beach-Anaheim, CA","06","California","037","Los Angeles","33.9013890008739","-118.205"
"09/09/2025","AQS","060371302","3","3.9","ug/m3 LC","22","Compton","1","100.0000","88502","Acceptable PM2.5 AQI & Speciation Mass","731","Met-One BAM-1020 W/PM2.5 SCC","31080","Los Angeles-Long Beach-Anaheim, CA","06","California","037","Los Angeles","33.9013890008739","-118.205"
"09/10/2025","AQS","060371302","3","6.7","ug/m3 LC","37","Compton","1","100.0000","88502","Acceptable PM2.5 AQI & Speciation Mass","731","Met-One BAM-1020 W/PM2.5 SCC","31080","Los Angeles-Long Beach-Anaheim, CA","06","California","037","Los Angeles","33.9013890008739","-118.205"
"09/11/2025","AQS","060371302","3","2.9","ug/m3 LC","16","Compton","1","100.0000","88502","Acceptable PM2.5 AQI & Speciation Mass","731","Met-One BAM-1020 W/PM2.5 SCC","31080","Los Angeles-Long Beach-Anaheim, CA","06","California","037","Los Angeles","33.9013890008739","-118.205"
"09/12/2025","AQS","060371302","3","5.2","ug/m3 LC","29","Compton","1","100.0000","88502","Acceptable PM2.5 AQI & Speciation Mass","731","Met-One BAM-1020 W/PM2.5 SCC","31080","Los Angeles-Long Beach-Anaheim, CA","06","California","037","Los Angeles","33.9013890008739","-118.205"
"09/13/2025","AQS","060371302","3","7.7","ug/m3 LC","43","Compton","1","100.0000","88502","Acceptable PM2.5 AQI & Speciation Mass","731","Met-One BAM-1020 W/PM2.5 SCC","31080","Los Angeles-Long Beach-Anaheim, CA","06","California","037","Los Angeles","33.9013890008739","-118.205"
"09/14/2025","AQS","060371302","3","11.3","ug/m3 LC","55","Compton","1","100.0000","88502","Acceptable PM2.5 AQI & Speciation Mass","731","Met-One BAM-1020 W/PM2.5 SCC","31080","Los Angeles-Long Beach-Anaheim, CA","06","California","037","Los Angeles","33.9013890008739","-118.205"
"09/15/2025","AQS","060371302","3","19.3","ug/m3 LC","70","Compton","1","100.0000","88502","Acceptable PM2.5 AQI & Speciation Mass","731","Met-One BAM-1020 W/PM2.5 SCC","31080","Los Angeles-Long Beach-Anaheim, CA","06","California","037","Los Angeles","33.9013890008739","-118.205"
"09/16/2025","AQS","060371302","3","15.7","ug/m3 LC","63","Compton","1","100.0000","88502","Acceptable PM2.5 AQI & Speciation Mass","731","Met-One BAM-1020 W/PM2.5 SCC","31080","Los Angeles-Long Beach-Anaheim, CA","06","California","037","Los Angeles","33.9013890008739","-118.205"
"09/17/2025","AQS","060371302","3","7.4","ug/m3 LC","41","Compton","1","100.0000","88502","Acceptable PM2.5 AQI & Speciation Mass","731","Met-One BAM-1020 W/PM2.5 SCC","31080","Los Angeles-Long Beach-Anaheim, CA","06","California","037","Los Angeles","33.9013890008739","-118.205"
"09/18/2025","AQS","060371302","3","8.7","ug/m3 LC","48","Compton","1","100.0000","88502","Acceptable PM2.5 AQI & Speciation Mass","731","Met-One BAM-1020 W/PM2.5 SCC","31080","Los Angeles-Long Beach-Anaheim, CA","06","California","037","Los Angeles","33.9013890008739","-118.205"
"09/19/2025","AQS","060371302","3","7.3","ug/m3 LC","41","Compton","1","100.0000","88502","Acceptable PM2.5 AQI & Speciation Mass","731","Met-One BAM-1020 W/PM2.5 SCC","31080","Los Angeles-Long Beach-Anaheim, CA","06","California","037","Los Angeles","33.9013890008739","-118.205"
"09/20/2025","AQS","060371302","3","9.2","ug/m3 LC","51","Compton","1","100.0000","88502","Acceptable PM2.5 AQI & Speciation Mass","731","Met-One BAM-1020 W/PM2.5 SCC","31080","Los Angeles-Long Beach-Anaheim, CA","06","California","037","Los Angeles","33.9013890008739","-118.205"
"09/21/2025","AQS","060371302","3","11.8","ug/m3 LC","56","Compton","1","100.0000","88502","Acceptable PM2.5 AQI & Speciation Mass","731","Met-One BAM-1020 W/PM2.5 SCC","31080","Los Angeles-Long Beach-Anaheim, CA","06","California","037","Los Angeles","33.9013890008739","-118.205"
"09/22/2025","AQS","060371302","3","9.8","ug/m3 LC","52","Compton","1","100.0000","88502","Acceptable PM2.5 AQI & Speciation Mass","731","Met-One BAM-1020 W/PM2.5 SCC","31080","Los Angeles-Long Beach-Anaheim, CA","06","California","037","Los Angeles","33.9013890008739","-118.205"
"09/23/2025","AQS","060371302","3","9.2","ug/m3 LC","51","Compton","1","100.0000","88502","Acceptable PM2.5 AQI & Speciation Mass","731","Met-One BAM-1020 W/PM2.5 SCC","31080","Los Angeles-Long Beach-Anaheim, CA","06","California","037","Los Angeles","33.9013890008739","-118.205"
"09/24/2025","AQS","060371302","3","7.6","ug/m3 LC","42","Compton","1","100.0000","88502","Acceptable PM2.5 AQI & Speciation Mass","731","Met-One BAM-1020 W/PM2.5 SCC","31080","Los Angeles-Long Beach-Anaheim, CA","06","California","037","Los Angeles","33.9013890008739","-118.205"
"09/25/2025","AQS","060371302","3","8.8","ug/m3 LC","49","Compton","1","100.0000","88502","Acceptable PM2.5 AQI & Speciation Mass","731","Met-One BAM-1020 W/PM2.5 SCC","31080","Los Angeles-Long Beach-Anaheim, CA","06","California","037","Los Angeles","33.9013890008739","-118.205"
"09/26/2025","AQS","060371302","3","5.1","ug/m3 LC","28","Compton","1","100.0000","88502","Acceptable PM2.5 AQI & Speciation Mass","731","Met-One BAM-1020 W/PM2.5 SCC","31080","Los Angeles-Long Beach-Anaheim, CA","06","California","037","Los Angeles","33.9013890008739","-118.205"
"09/27/2025","AQS","060371302","3","5.6","ug/m3 LC","31","Compton","1","100.0000","88502","Acceptable PM2.5 AQI & Speciation Mass","731","Met-One BAM-1020 W/PM2.5 SCC","31080","Los Angeles-Long Beach-Anaheim, CA","06","California","037","Los Angeles","33.9013890008739","-118.205"
"09/28/2025","AQS","060371302","3","5.4","ug/m3 LC","30","Compton","1","100.0000","88502","Acceptable PM2.5 AQI & Speciation Mass","731","Met-One BAM-1020 W/PM2.5 SCC","31080","Los Angeles-Long Beach-Anaheim, CA","06","California","037","Los Angeles","33.9013890008739","-118.205"
"09/29/2025","AQS","060371302","3","4.6","ug/m3 LC","26","Compton","1","100.0000","88502","Acceptable PM2.5 AQI & Speciation Mass","731","Met-One BAM-1020 W/PM2.5 SCC","31080","Los Angeles-Long Beach-Anaheim, CA","06","California","037","Los Angeles","33.9013890008739","-118.205"
"09/30/2025","AQS","060371302","3","9.8","ug/m3 LC","52","Compton","1","100.0000","88502","Acceptable PM2.5 AQI & Speciation Mass","731","Met-One BAM-1020 W/PM2.5 SCC","31080","Los Angeles-Long Beach-Anaheim, CA","06","California","037","Los Angeles","33.9013890008739","-118.205"
"10/01/2025","AQS","060371302","3","3.6","ug/m3 LC","20","Compton","1","100.0000","88502","Acceptable PM2.5 AQI & Speciation Mass","731","Met-One BAM-1020 W/PM2.5 SCC","31080","Los Angeles-Long Beach-Anaheim, CA","06","California","037","Los Angeles","33.9013890008739","-118.205"
"10/02/2025","AQS","060371302","3","3.3","ug/m3 LC","18","Compton","1","100.0000","88502","Acceptable PM2.5 AQI & Speciation Mass","731","Met-One BAM-1020 W/PM2.5 SCC","31080","Los Angeles-Long Beach-Anaheim, CA","06","California","037","Los Angeles","33.9013890008739","-118.205"
"10/03/2025","AQS","060371302","3","4.7","ug/m3 LC","26","Compton","1","100.0000","88502","Acceptable PM2.5 AQI & Speciation Mass","731","Met-One BAM-1020 W/PM2.5 SCC","31080","Los Angeles-Long Beach-Anaheim, CA","06","California","037","Los Angeles","33.9013890008739","-118.205"
"10/04/2025","AQS","060371302","3","8","ug/m3 LC","44","Compton","1","100.0000","88502","Acceptable PM2.5 AQI & Speciation Mass","731","Met-One BAM-1020 W/PM2.5 SCC","31080","Los Angeles-Long Beach-Anaheim, CA","06","California","037","Los Angeles","33.9013890008739","-118.205"
"10/08/2025","AQS","060371302","3","7.5","ug/m3 LC","42","Compton","1","100.0000","88502","Acceptable PM2.5 AQI & Speciation Mass","731","Met-One BAM-1020 W/PM2.5 SCC","31080","Los Angeles-Long Beach-Anaheim, CA","06","California","037","Los Angeles","33.9013890008739","-118.205"
"10/09/2025","AQS","060371302","3","6.2","ug/m3 LC","34","Compton","1","100.0000","88502","Acceptable PM2.5 AQI & Speciation Mass","731","Met-One BAM-1020 W/PM2.5 SCC","31080","Los Angeles-Long Beach-Anaheim, CA","06","California","037","Los Angeles","33.9013890008739","-118.205"
"10/10/2025","AQS","060371302","3","6.4","ug/m3 LC","36","Compton","1","100.0000","88502","Acceptable PM2.5 AQI & Speciation Mass","731","Met-One BAM-1020 W/PM2.5 SCC","31080","Los Angeles-Long Beach-Anaheim, CA","06","California","037","Los Angeles","33.9013890008739","-118.205"
"10/11/2025","AQS","060371302","3","6.8","ug/m3 LC","38","Compton","1","100.0000","88502","Acceptable PM2.5 AQI & Speciation Mass","731","Met-One BAM-1020 W/PM2.5 SCC","31080","Los Angeles-Long Beach-Anaheim, CA","06","California","037","Los Angeles","33.9013890008739","-118.205"
"10/12/2025","AQS","060371302","3","8.9","ug/m3 LC","49","Compton","1","100.0000","88502","Acceptable PM2.5 AQI & Speciation Mass","731","Met-One BAM-1020 W/PM2.5 SCC","31080","Los Angeles-Long Beach-Anaheim, CA","06","California","037","Los Angeles","33.9013890008739","-118.205"
"10/13/2025","AQS","060371302","3","8.2","ug/m3 LC","46","Compton","1","100.0000","88502","Acceptable PM2.5 AQI & Speciation Mass","731","Met-One BAM-1020 W/PM2.5 SCC","31080","Los Angeles-Long Beach-Anaheim, CA","06","California","037","Los Angeles","33.9013890008739","-118.205"
"10/14/2025","AQS","060371302","3","4.1","ug/m3 LC","23","Compton","1","100.0000","88502","Acceptable PM2.5 AQI & Speciation Mass","731","Met-One BAM-1020 W/PM2.5 SCC","31080","Los Angeles-Long Beach-Anaheim, CA","06","California","037","Los Angeles","33.9013890008739","-118.205"
"10/15/2025","AQS","060371302","3","5.1","ug/m3 LC","28","Compton","1","100.0000","88502","Acceptable PM2.5 AQI & Speciation Mass","731","Met-One BAM-1020 W/PM2.5 SCC","31080","Los Angeles-Long Beach-Anaheim, CA","06","California","037","Los Angeles","33.9013890008739","-118.205"
"10/16/2025","AQS","060371302","3","9","ug/m3 LC","50","Compton","1","100.0000","88502","Acceptable PM2.5 AQI & Speciation Mass","731","Met-One BAM-1020 W/PM2.5 SCC","31080","Los Angeles-Long Beach-Anaheim, CA","06","California","037","Los Angeles","33.9013890008739","-118.205"
"10/17/2025","AQS","060371302","3","11.7","ug/m3 LC","56","Compton","1","100.0000","88502","Acceptable PM2.5 AQI & Speciation Mass","731","Met-One BAM-1020 W/PM2.5 SCC","31080","Los Angeles-Long Beach-Anaheim, CA","06","California","037","Los Angeles","33.9013890008739","-118.205"
"10/18/2025","AQS","060371302","3","11.5","ug/m3 LC","55","Compton","1","100.0000","88502","Acceptable PM2.5 AQI & Speciation Mass","731","Met-One BAM-1020 W/PM2.5 SCC","31080","Los Angeles-Long Beach-Anaheim, CA","06","California","037","Los Angeles","33.9013890008739","-118.205"
"10/19/2025","AQS","060371302","3","13.4","ug/m3 LC","59","Compton","1","100.0000","88502","Acceptable PM2.5 AQI & Speciation Mass","731","Met-One BAM-1020 W/PM2.5 SCC","31080","Los Angeles-Long Beach-Anaheim, CA","06","California","037","Los Angeles","33.9013890008739","-118.205"
"10/20/2025","AQS","060371302","3","14.1","ug/m3 LC","60","Compton","1","100.0000","88502","Acceptable PM2.5 AQI & Speciation Mass","731","Met-One BAM-1020 W/PM2.5 SCC","31080","Los Angeles-Long Beach-Anaheim, CA","06","California","037","Los Angeles","33.9013890008739","-118.205"
"10/21/2025","AQS","060371302","3","12.3","ug/m3 LC","57","Compton","1","100.0000","88502","Acceptable PM2.5 AQI & Speciation Mass","731","Met-One BAM-1020 W/PM2.5 SCC","31080","Los Angeles-Long Beach-Anaheim, CA","06","California","037","Los Angeles","33.9013890008739","-118.205"
"10/22/2025","AQS","060371302","3","5.6","ug/m3 LC","31","Compton","1","100.0000","88502","Acceptable PM2.5 AQI & Speciation Mass","731","Met-One BAM-1020 W/PM2.5 SCC","31080","Los Angeles-Long Beach-Anaheim, CA","06","California","037","Los Angeles","33.9013890008739","-118.205"
"10/23/2025","AQS","060371302","3","9.5","ug/m3 LC","52","Compton","1","100.0000","88502","Acceptable PM2.5 AQI & Speciation Mass","731","Met-One BAM-1020 W/PM2.5 SCC","31080","Los Angeles-Long Beach-Anaheim, CA","06","California","037","Los Angeles","33.9013890008739","-118.205"
"10/24/2025","AQS","060371302","3","15.1","ug/m3 LC","62","Compton","1","100.0000","88502","Acceptable PM2.5 AQI & Speciation Mass","731","Met-One BAM-1020 W/PM2.5 SCC","31080","Los Angeles-Long Beach-Anaheim, CA","06","California","037","Los Angeles","33.9013890008739","-118.205"
"10/25/2025","AQS","060371302","3","21.8","ug/m3 LC","75","Compton","1","100.0000","88502","Acceptable PM2.5 AQI & Speciation Mass","731","Met-One BAM-1020 W/PM2.5 SCC","31080","Los Angeles-Long Beach-Anaheim, CA","06","California","037","Los Angeles","33.9013890008739","-118.205"
"10/26/2025","AQS","060371302","3","21.1","ug/m3 LC","73","Compton","1","100.0000","88502","Acceptable PM2.5 AQI & Speciation Mass","731","Met-One BAM-1020 W/PM2.5 SCC","31080","Los Angeles-Long Beach-Anaheim, CA","06","California","037","Los Angeles","33.9013890008739","-118.205"
"10/27/2025","AQS","060371302","3","18.4","ug/m3 LC","68","Compton","1","100.0000","88502","Acceptable PM2.5 AQI & Speciation Mass","731","Met-One BAM-1020 W/PM2.5 SCC","31080","Los Angeles-Long Beach-Anaheim, CA","06","California","037","Los Angeles","33.9013890008739","-118.205"
"10/28/2025","AQS","060371302","3","14.4","ug/m3 LC","61","Compton","1","100.0000","88502","Acceptable PM2.5 AQI & Speciation Mass","731","Met-One BAM-1020 W/PM2.5 SCC","31080","Los Angeles-Long Beach-Anaheim, CA","06","California","037","Los Angeles","33.9013890008739","-118.205"
"10/29/2025","AQS","060371302","3","8.9","ug/m3 LC","49","Compton","1","100.0000","88502","Acceptable PM2.5 AQI & Speciation Mass","731","Met-One BAM-1020 W/PM2.5 SCC","31080","Los Angeles-Long Beach-Anaheim, CA","06","California","037","Los Angeles","33.9013890008739","-118.205"
"10/30/2025","AQS","060371302","3","12.9","ug/m3 LC","58","Compton","1","100.0000","88502","Acceptable PM2.5 AQI & Speciation Mass","731","Met-One BAM-1020 W/PM2.5 SCC","31080","Los Angeles-Long Beach-Anaheim, CA","06","California","037","Los Angeles","33.9013890008739","-118.205"
"10/31/2025","AQS","060371302","3","11","ug/m3 LC","55","Compton","1","100.0000","88502","Acceptable PM2.5 AQI & Speciation Mass","731","Met-One BAM-1020 W/PM2.5 SCC","31080","Los Angeles-Long Beach-Anaheim, CA","06","California","037","Los Angeles","33.9013890008739","-118.205"
"11/01/2025","AQS","060371302","3","23.7","ug/m3 LC","78","Compton","1","100.0000","88502","Acceptable PM2.5 AQI & Speciation Mass","731","Met-One BAM-1020 W/PM2.5 SCC","31080","Los Angeles-Long Beach-Anaheim, CA","06","California","037","Los Angeles","33.9013890008739","-118.205"
"11/02/2025","AQS","060371302","3","26.1","ug/m3 LC","83","Compton","1","100.0000","88502","Acceptable PM2.5 AQI & Speciation Mass","731","Met-One BAM-1020 W/PM2.5 SCC","31080","Los Angeles-Long Beach-Anaheim, CA","06","California","037","Los Angeles","33.9013890008739","-118.205"
"11/03/2025","AQS","060371302","3","24.5","ug/m3 LC","80","Compton","1","100.0000","88502","Acceptable PM2.5 AQI & Speciation Mass","731","Met-One BAM-1020 W/PM2.5 SCC","31080","Los Angeles-Long Beach-Anaheim, CA","06","California","037","Los Angeles","33.9013890008739","-118.205"
"11/04/2025","AQS","060371302","3","23.2","ug/m3 LC","77","Compton","1","100.0000","88502","Acceptable PM2.5 AQI & Speciation Mass","731","Met-One BAM-1020 W/PM2.5 SCC","31080","Los Angeles-Long Beach-Anaheim, CA","06","California","037","Los Angeles","33.9013890008739","-118.205"
"11/05/2025","AQS","060371302","3","8","ug/m3 LC","44","Compton","1","100.0000","88502","Acceptable PM2.5 AQI & Speciation Mass","731","Met-One BAM-1020 W/PM2.5 SCC","31080","Los Angeles-Long Beach-Anaheim, CA","06","California","037","Los Angeles","33.9013890008739","-118.205"
"11/06/2025","AQS","060371302","3","7.1","ug/m3 LC","39","Compton","1","100.0000","88502","Acceptable PM2.5 AQI & Speciation Mass","731","Met-One BAM-1020 W/PM2.5 SCC","31080","Los Angeles-Long Beach-Anaheim, CA","06","California","037","Los Angeles","33.9013890008739","-118.205"
"11/07/2025","AQS","060371302","3","12.8","ug/m3 LC","58","Compton","1","100.0000","88502","Acceptable PM2.5 AQI & Speciation Mass","731","Met-One BAM-1020 W/PM2.5 SCC","31080","Los Angeles-Long Beach-Anaheim, CA","06","California","037","Los Angeles","33.9013890008739","-118.205"
"11/08/2025","AQS","060371302","3","17.1","ug/m3 LC","66","Compton","1","100.0000","88502","Acceptable PM2.5 AQI & Speciation Mass","731","Met-One BAM-1020 W/PM2.5 SCC","31080","Los Angeles-Long Beach-Anaheim, CA","06","California","037","Los Angeles","33.9013890008739","-118.205"
"11/09/2025","AQS","060371302","3","23.5","ug/m3 LC","78","Compton","1","100.0000","88502","Acceptable PM2.5 AQI & Speciation Mass","731","Met-One BAM-1020 W/PM2.5 SCC","31080","Los Angeles-Long Beach-Anaheim, CA","06","California","037","Los Angeles","33.9013890008739","-118.205"
"11/10/2025","AQS","060371302","3","9.8","ug/m3 LC","52","Compton","1","100.0000","88502","Acceptable PM2.5 AQI & Speciation Mass","731","Met-One BAM-1020 W/PM2.5 SCC","31080","Los Angeles-Long Beach-Anaheim, CA","06","California","037","Los Angeles","33.9013890008739","-118.205"
"11/11/2025","AQS","060371302","3","10.7","ug/m3 LC","54","Compton","1","100.0000","88502","Acceptable PM2.5 AQI & Speciation Mass","731","Met-One BAM-1020 W/PM2.5 SCC","31080","Los Angeles-Long Beach-Anaheim, CA","06","California","037","Los Angeles","33.9013890008739","-118.205"
"11/12/2025","AQS","060371302","3","16.1","ug/m3 LC","64","Compton","1","100.0000","88502","Acceptable PM2.5 AQI & Speciation Mass","731","Met-One BAM-1020 W/PM2.5 SCC","31080","Los Angeles-Long Beach-Anaheim, CA","06","California","037","Los Angeles","33.9013890008739","-118.205"
"11/13/2025","AQS","060371302","3","13.1","ug/m3 LC","58","Compton","1","100.0000","88502","Acceptable PM2.5 AQI & Speciation Mass","731","Met-One BAM-1020 W/PM2.5 SCC","31080","Los Angeles-Long Beach-Anaheim, CA","06","California","037","Los Angeles","33.9013890008739","-118.205"
"11/14/2025","AQS","060371302","3","7.3","ug/m3 LC","41","Compton","1","100.0000","88502","Acceptable PM2.5 AQI & Speciation Mass","731","Met-One BAM-1020 W/PM2.5 SCC","31080","Los Angeles-Long Beach-Anaheim, CA","06","California","037","Los Angeles","33.9013890008739","-118.205"
"11/15/2025","AQS","060371302","3","2.4","ug/m3 LC","13","Compton","1","100.0000","88502","Acceptable PM2.5 AQI & Speciation Mass","731","Met-One BAM-1020 W/PM2.5 SCC","31080","Los Angeles-Long Beach-Anaheim, CA","06","California","037","Los Angeles","33.9013890008739","-118.205"
"11/16/2025","AQS","060371302","3","3.2","ug/m3 LC","18","Compton","1","100.0000","88502","Acceptable PM2.5 AQI & Speciation Mass","731","Met-One BAM-1020 W/PM2.5 SCC","31080","Los Angeles-Long Beach-Anaheim, CA","06","California","037","Los Angeles","33.9013890008739","-118.205"
"11/17/2025","AQS","060371302","3","2.1","ug/m3 LC","12","Compton","1","100.0000","88502","Acceptable PM2.5 AQI & Speciation Mass","731","Met-One BAM-1020 W/PM2.5 SCC","31080","Los Angeles-Long Beach-Anaheim, CA","06","California","037","Los Angeles","33.9013890008739","-118.205"
"11/18/2025","AQS","060371302","3","6.9","ug/m3 LC","38","Compton","1","100.0000","88502","Acceptable PM2.5 AQI & Speciation Mass","731","Met-One BAM-1020 W/PM2.5 SCC","31080","Los Angeles-Long Beach-Anaheim, CA","06","California","037","Los Angeles","33.9013890008739","-118.205"
"11/19/2025","AQS","060371302","3","9.4","ug/m3 LC","52","Compton","1","100.0000","88502","Acceptable PM2.5 AQI & Speciation Mass","731","Met-One BAM-1020 W/PM2.5 SCC","31080","Los Angeles-Long Beach-Anaheim, CA","06","California","037","Los Angeles","33.9013890008739","-118.205"
"11/20/2025","AQS","060371302","3","7.5","ug/m3 LC","42","Compton","1","100.0000","88502","Acceptable PM2.5 AQI & Speciation Mass","731","Met-One BAM-1020 W/PM2.5 SCC","31080","Los Angeles-Long Beach-Anaheim, CA","06","California","037","Los Angeles","33.9013890008739","-118.205"
"11/21/2025","AQS","060371302","3","4.6","ug/m3 LC","26","Compton","1","100.0000","88502","Acceptable PM2.5 AQI & Speciation Mass","731","Met-One BAM-1020 W/PM2.5 SCC","31080","Los Angeles-Long Beach-Anaheim, CA","06","California","037","Los Angeles","33.9013890008739","-118.205"
"11/22/2025","AQS","060371302","3","17.5","ug/m3 LC","67","Compton","1","100.0000","88502","Acceptable PM2.5 AQI & Speciation Mass","731","Met-One BAM-1020 W/PM2.5 SCC","31080","Los Angeles-Long Beach-Anaheim, CA","06","California","037","Los Angeles","33.9013890008739","-118.205"
"11/23/2025","AQS","060371302","3","16.5","ug/m3 LC","65","Compton","1","100.0000","88502","Acceptable PM2.5 AQI & Speciation Mass","731","Met-One BAM-1020 W/PM2.5 SCC","31080","Los Angeles-Long Beach-Anaheim, CA","06","California","037","Los Angeles","33.9013890008739","-118.205"
"11/24/2025","AQS","060371302","3","15.2","ug/m3 LC","62","Compton","1","100.0000","88502","Acceptable PM2.5 AQI & Speciation Mass","731","Met-One BAM-1020 W/PM2.5 SCC","31080","Los Angeles-Long Beach-Anaheim, CA","06","California","037","Los Angeles","33.9013890008739","-118.205"
"11/25/2025","AQS","060371302","3","19.3","ug/m3 LC","70","Compton","1","100.0000","88502","Acceptable PM2.5 AQI & Speciation Mass","731","Met-One BAM-1020 W/PM2.5 SCC","31080","Los Angeles-Long Beach-Anaheim, CA","06","California","037","Los Angeles","33.9013890008739","-118.205"
"11/26/2025","AQS","060371302","3","9.1","ug/m3 LC","51","Compton","1","100.0000","88502","Acceptable PM2.5 AQI & Speciation Mass","731","Met-One BAM-1020 W/PM2.5 SCC","31080","Los Angeles-Long Beach-Anaheim, CA","06","California","037","Los Angeles","33.9013890008739","-118.205"
"11/27/2025","AQS","060371302","3","16","ug/m3 LC","64","Compton","1","100.0000","88502","Acceptable PM2.5 AQI & Speciation Mass","731","Met-One BAM-1020 W/PM2.5 SCC","31080","Los Angeles-Long Beach-Anaheim, CA","06","California","037","Los Angeles","33.9013890008739","-118.205"
"11/28/2025","AQS","060371302","3","18.8","ug/m3 LC","69","Compton","1","100.0000","88502","Acceptable PM2.5 AQI & Speciation Mass","731","Met-One BAM-1020 W/PM2.5 SCC","31080","Los Angeles-Long Beach-Anaheim, CA","06","California","037","Los Angeles","33.9013890008739","-118.205"
"11/29/2025","AQS","060371302","3","21.6","ug/m3 LC","74","Compton","1","100.0000","88502","Acceptable PM2.5 AQI & Speciation Mass","731","Met-One BAM-1020 W/PM2.5 SCC","31080","Los Angeles-Long Beach-Anaheim, CA","06","California","037","Los Angeles","33.9013890008739","-118.205"
"11/30/2025","AQS","060371302","3","27.8","ug/m3 LC","86","Compton","1","100.0000","88502","Acceptable PM2.5 AQI & Speciation Mass","731","Met-One BAM-1020 W/PM2.5 SCC","31080","Los Angeles-Long Beach-Anaheim, CA","06","California","037","Los Angeles","33.9013890008739","-118.205"
"12/01/2025","AQS","060371302","3","25.1","ug/m3 LC","81","Compton","1","100.0000","88502","Acceptable PM2.5 AQI & Speciation Mass","731","Met-One BAM-1020 W/PM2.5 SCC","31080","Los Angeles-Long Beach-Anaheim, CA","06","California","037","Los Angeles","33.9013890008739","-118.205"
"12/02/2025","AQS","060371302","3","17.1","ug/m3 LC","66","Compton","1","100.0000","88502","Acceptable PM2.5 AQI & Speciation Mass","731","Met-One BAM-1020 W/PM2.5 SCC","31080","Los Angeles-Long Beach-Anaheim, CA","06","California","037","Los Angeles","33.9013890008739","-118.205"
"12/03/2025","AQS","060371302","3","15.5","ug/m3 LC","63","Compton","1","100.0000","88502","Acceptable PM2.5 AQI & Speciation Mass","731","Met-One BAM-1020 W/PM2.5 SCC","31080","Los Angeles-Long Beach-Anaheim, CA","06","California","037","Los Angeles","33.9013890008739","-118.205"
"12/04/2025","AQS","060371302","3","8.5","ug/m3 LC","47","Compton","1","100.0000","88502","Acceptable PM2.5 AQI & Speciation Mass","731","Met-One BAM-1020 W/PM2.5 SCC","31080","Los Angeles-Long Beach-Anaheim, CA","06","California","037","Los Angeles","33.9013890008739","-118.205"
"12/05/2025","AQS","060371302","3","12.9","ug/m3 LC","58","Compton","1","100.0000","88502","Acceptable PM2.5 AQI & Speciation Mass","731","Met-One BAM-1020 W/PM2.5 SCC","31080","Los Angeles-Long Beach-Anaheim, CA","06","California","037","Los Angeles","33.9013890008739","-118.205"
"12/06/2025","AQS","060371302","3","26.1","ug/m3 LC","83","Compton","1","100.0000","88502","Acceptable PM2.5 AQI & Speciation Mass","731","Met-One BAM-1020 W/PM2.5 SCC","31080","Los Angeles-Long Beach-Anaheim, CA","06","California","037","Los Angeles","33.9013890008739","-118.205"
"12/07/2025","AQS","060371302","3","28.8","ug/m3 LC","88","Compton","1","100.0000","88502","Acceptable PM2.5 AQI & Speciation Mass","731","Met-One BAM-1020 W/PM2.5 SCC","31080","Los Angeles-Long Beach-Anaheim, CA","06","California","037","Los Angeles","33.9013890008739","-118.205"
"12/08/2025","AQS","060371302","3","21.6","ug/m3 LC","74","Compton","1","100.0000","88502","Acceptable PM2.5 AQI & Speciation Mass","731","Met-One BAM-1020 W/PM2.5 SCC","31080","Los Angeles-Long Beach-Anaheim, CA","06","California","037","Los Angeles","33.9013890008739","-118.205"
"12/09/2025","AQS","060371302","3","10.1","ug/m3 LC","53","Compton","1","100.0000","88502","Acceptable PM2.5 AQI & Speciation Mass","731","Met-One BAM-1020 W/PM2.5 SCC","31080","Los Angeles-Long Beach-Anaheim, CA","06","California","037","Los Angeles","33.9013890008739","-118.205"
"12/10/2025","AQS","060371302","3","14.6","ug/m3 LC","61","Compton","1","100.0000","88502","Acceptable PM2.5 AQI & Speciation Mass","731","Met-One BAM-1020 W/PM2.5 SCC","31080","Los Angeles-Long Beach-Anaheim, CA","06","California","037","Los Angeles","33.9013890008739","-118.205"
"12/11/2025","AQS","060371302","3","20.7","ug/m3 LC","73","Compton","1","100.0000","88502","Acceptable PM2.5 AQI & Speciation Mass","731","Met-One BAM-1020 W/PM2.5 SCC","31080","Los Angeles-Long Beach-Anaheim, CA","06","California","037","Los Angeles","33.9013890008739","-118.205"
"12/12/2025","AQS","060371302","3","25.6","ug/m3 LC","82","Compton","1","100.0000","88502","Acceptable PM2.5 AQI & Speciation Mass","731","Met-One BAM-1020 W/PM2.5 SCC","31080","Los Angeles-Long Beach-Anaheim, CA","06","California","037","Los Angeles","33.9013890008739","-118.205"
"12/13/2025","AQS","060371302","3","47.1","ug/m3 LC","130","Compton","1","100.0000","88502","Acceptable PM2.5 AQI & Speciation Mass","731","Met-One BAM-1020 W/PM2.5 SCC","31080","Los Angeles-Long Beach-Anaheim, CA","06","California","037","Los Angeles","33.9013890008739","-118.205"
"12/14/2025","AQS","060371302","3","21.5","ug/m3 LC","74","Compton","1","100.0000","88502","Acceptable PM2.5 AQI & Speciation Mass","731","Met-One BAM-1020 W/PM2.5 SCC","31080","Los Angeles-Long Beach-Anaheim, CA","06","California","037","Los Angeles","33.9013890008739","-118.205"
"12/15/2025","AQS","060371302","3","19.7","ug/m3 LC","71","Compton","1","100.0000","88502","Acceptable PM2.5 AQI & Speciation Mass","731","Met-One BAM-1020 W/PM2.5 SCC","31080","Los Angeles-Long Beach-Anaheim, CA","06","California","037","Los Angeles","33.9013890008739","-118.205"
"12/16/2025","AQS","060371302","3","26.4","ug/m3 LC","83","Compton","1","100.0000","88502","Acceptable PM2.5 AQI & Speciation Mass","731","Met-One BAM-1020 W/PM2.5 SCC","31080","Los Angeles-Long Beach-Anaheim, CA","06","California","037","Los Angeles","33.9013890008739","-118.205"
"12/17/2025","AQS","060371302","3","45.3","ug/m3 LC","125","Compton","1","100.0000","88502","Acceptable PM2.5 AQI & Speciation Mass","731","Met-One BAM-1020 W/PM2.5 SCC","31080","Los Angeles-Long Beach-Anaheim, CA","06","California","037","Los Angeles","33.9013890008739","-118.205"
"12/18/2025","AQS","060371302","3","42.6","ug/m3 LC","118","Compton","1","100.0000","88502","Acceptable PM2.5 AQI & Speciation Mass","731","Met-One BAM-1020 W/PM2.5 SCC","31080","Los Angeles-Long Beach-Anaheim, CA","06","California","037","Los Angeles","33.9013890008739","-118.205"
"12/19/2025","AQS","060371302","3","26","ug/m3 LC","82","Compton","1","100.0000","88502","Acceptable PM2.5 AQI & Speciation Mass","731","Met-One BAM-1020 W/PM2.5 SCC","31080","Los Angeles-Long Beach-Anaheim, CA","06","California","037","Los Angeles","33.9013890008739","-118.205"
"12/20/2025","AQS","060371302","3","21.9","ug/m3 LC","75","Compton","1","100.0000","88502","Acceptable PM2.5 AQI & Speciation Mass","731","Met-One BAM-1020 W/PM2.5 SCC","31080","Los Angeles-Long Beach-Anaheim, CA","06","California","037","Los Angeles","33.9013890008739","-118.205"
"12/21/2025","AQS","060371302","3","33.8","ug/m3 LC","97","Compton","1","100.0000","88502","Acceptable PM2.5 AQI & Speciation Mass","731","Met-One BAM-1020 W/PM2.5 SCC","31080","Los Angeles-Long Beach-Anaheim, CA","06","California","037","Los Angeles","33.9013890008739","-118.205"
"12/22/2025","AQS","060371302","3","28.5","ug/m3 LC","87","Compton","1","100.0000","88502","Acceptable PM2.5 AQI & Speciation Mass","731","Met-One BAM-1020 W/PM2.5 SCC","31080","Los Angeles-Long Beach-Anaheim, CA","06","California","037","Los Angeles","33.9013890008739","-118.205"
"12/23/2025","AQS","060371302","3","13.8","ug/m3 LC","60","Compton","1","100.0000","88502","Acceptable PM2.5 AQI & Speciation Mass","731","Met-One BAM-1020 W/PM2.5 SCC","31080","Los Angeles-Long Beach-Anaheim, CA","06","California","037","Los Angeles","33.9013890008739","-118.205"
"12/24/2025","AQS","060371302","3","11.8","ug/m3 LC","56","Compton","1","100.0000","88502","Acceptable PM2.5 AQI & Speciation Mass","731","Met-One BAM-1020 W/PM2.5 SCC","31080","Los Angeles-Long Beach-Anaheim, CA","06","California","037","Los Angeles","33.9013890008739","-118.205"
"12/25/2025","AQS","060371302","3","3.6","ug/m3 LC","20","Compton","1","100.0000","88502","Acceptable PM2.5 AQI & Speciation Mass","731","Met-One BAM-1020 W/PM2.5 SCC","31080","Los Angeles-Long Beach-Anaheim, CA","06","California","037","Los Angeles","33.9013890008739","-118.205"
"12/26/2025","AQS","060371302","3","3.6","ug/m3 LC","20","Compton","1","100.0000","88502","Acceptable PM2.5 AQI & Speciation Mass","731","Met-One BAM-1020 W/PM2.5 SCC","31080","Los Angeles-Long Beach-Anaheim, CA","06","California","037","Los Angeles","33.9013890008739","-118.205"
"12/27/2025","AQS","060371302","3","17.4","ug/m3 LC","66","Compton","1","100.0000","88502","Acceptable PM2.5 AQI & Speciation Mass","731","Met-One BAM-1020 W/PM2.5 SCC","31080","Los Angeles-Long Beach-Anaheim, CA","06","California","037","Los Angeles","33.9013890008739","-118.205"
"12/28/2025","AQS","060371302","3","20.6","ug/m3 LC","72","Compton","1","100.0000","88502","Acceptable PM2.5 AQI & Speciation Mass","731","Met-One BAM-1020 W/PM2.5 SCC","31080","Los Angeles-Long Beach-Anaheim, CA","06","California","037","Los Angeles","33.9013890008739","-118.205"
"12/29/2025","AQS","060371302","3","10.2","ug/m3 LC","53","Compton","1","100.0000","88502","Acceptable PM2.5 AQI & Speciation Mass","731","Met-One BAM-1020 W/PM2.5 SCC","31080","Los Angeles-Long Beach-Anaheim, CA","06","California","037","Los Angeles","33.9013890008739","-118.205"
"12/30/2025","AQS","060371302","3","3.8","ug/m3 LC","21","Compton","1","100.0000","88502","Acceptable PM2.5 AQI & Speciation Mass","731","Met-One BAM-1020 W/PM2.5 SCC","31080","Los Angeles-Long Beach-Anaheim, CA","06","California","037","Los Angeles","33.9013890008739","-118.205"
"12/31/2025","AQS","060371302","3","8.1","ug/m3 LC","45","Compton","1","100.0000","88502","Acceptable PM2.5 AQI & Speciation Mass","731","Met-One BAM-1020 W/PM2.5 SCC","31080","Los Angeles-Long Beach-Anaheim, CA","06","California","037","Los Angeles","33.9013890008739","-118.205"
